"b_Intercept","b_cat","sd_site__Intercept","sd_site__cat","cor_site__Intercept__cat","Intercept","r_site[1,Intercept]","r_site[2,Intercept]","r_site[3,Intercept]","r_site[4,Intercept]","r_site[5,Intercept]","r_site[6,Intercept]","r_site[7,Intercept]","r_site[8,Intercept]","r_site[9,Intercept]","r_site[10,Intercept]","r_site[1,cat]","r_site[2,cat]","r_site[3,cat]","r_site[4,cat]","r_site[5,cat]","r_site[6,cat]","r_site[7,cat]","r_site[8,cat]","r_site[9,cat]","r_site[10,cat]"
-1.387853,0.4280784,0.3614349,0.3796128,-0.08066846,-1.387853,0.3158317,-0.820766,-0.1223642,-0.8414137,-0.6658929,0.3057465,0.110339,-0.07749272,-0.5138856,-0.1927016,-0.3148262,-0.2526512,-0.2077575,-0.6019465,-1.271015,-0.2337453,0.2609586,-0.07845889,-1.06912,-0.2184383
-0.9912344,0.8714155,0.6391024,0.7016843,0.667213,-0.9912344,0.7861142,-0.3014802,0.3580659,-0.3178562,-0.1500257,0.7896293,0.5847952,0.4065744,-0.00628073199999991,0.2879766,0.3391656,0.5132817,0.4440445,0.1172409,-0.5027388,0.4268666,0.9292236,0.5788821,-0.3311914,0.4442739
-1.293495,0.5327925,0.41560125,0.4431525,0.1201235,-1.293495,0.422938,-0.6884615,-0.0086160625,-0.7102765,-0.53647375,0.42291575,0.219709,0.0332734,-0.385954,-0.076150025,-0.15299475,-0.07362775,-0.056331775,-0.43463775,-1.0825925,-0.076379,0.4178405,0.07229225,-0.88444625,-0.0637043
-1.08491,0.76622175,0.5596695,0.61063125,0.526281,-1.08491,0.6705335,-0.4227215,0.238266,-0.43828325,-0.27054125,0.6671815,0.46665475,0.28775825,-0.12270125,0.17107525,0.18481725,0.32706275,0.29097775,-0.04703235,-0.67868975,0.26347925,0.77042225,0.4177345,-0.49397925,0.2785075
