"b_Intercept","b_cat","sd_site__Intercept","sd_site__cat","cor_site__Intercept__cat","Intercept","r_site[1,Intercept]","r_site[2,Intercept]","r_site[3,Intercept]","r_site[4,Intercept]","r_site[5,Intercept]","r_site[6,Intercept]","r_site[7,Intercept]","r_site[8,Intercept]","r_site[9,Intercept]","r_site[10,Intercept]","r_site[1,cat]","r_site[2,cat]","r_site[3,cat]","r_site[4,cat]","r_site[5,cat]","r_site[6,cat]","r_site[7,cat]","r_site[8,cat]","r_site[9,cat]","r_site[10,cat]"
-0.5264262,0.5825707,0.5493177,0.3777304,-0.05241531,-0.5264262,0.3080049,0.05833421,0.05775392,-1.706028,-0.2620535,0.6896433,-0.3229714,0.5869733,-1.114787,-0.1709124,-0.2941757,-0.03129726,0.2252242,-0.279612,-0.2569982,0.124154,-0.6250191,-0.1108589,-1.322443,-0.6872512
0.01198734,1.007697,0.8456077,0.6796422,0.6273595,0.01198734,0.9226824,0.6597287,0.6605994,-1.077625,0.3242315,1.298363,0.2849447,1.192524,-0.5025613,0.4190292,0.341332,0.5929549,0.8563559,0.4774745,0.3452379,0.7849266,-0.00434997099999983,0.5245798,-0.6406435,-0.053492
-0.3901745,0.683033,0.6087925,0.43646675,0.13381125,-0.3901745,0.450294,0.193139,0.188137,-1.5603,-0.1271495,0.82682175,-0.1834625,0.7248135,-0.9743325,-0.03636675,-0.1392195,0.1202865,0.36352925,-0.10324625,-0.11195675,0.273663,-0.46903775,0.03784925,-1.1511525,-0.53059975
-0.10719275,0.902633,0.76149725,0.592655,0.49495075,-0.10719275,0.765586,0.508004,0.50444775,-1.2301575,0.183053,1.14281,0.12938275,1.04001,-0.65817575,0.27068075,0.19246875,0.44633225,0.702371,0.29388925,0.205978,0.61769875,-0.147029,0.36976175,-0.78915975,-0.19605125
