"b_Intercept","b_cat","sd_site__Intercept","sd_site__cat","cor_site__Intercept__cat","Intercept","r_site[1,Intercept]","r_site[2,Intercept]","r_site[3,Intercept]","r_site[4,Intercept]","r_site[5,Intercept]","r_site[6,Intercept]","r_site[7,Intercept]","r_site[8,Intercept]","r_site[9,Intercept]","r_site[10,Intercept]","r_site[1,cat]","r_site[2,cat]","r_site[3,cat]","r_site[4,cat]","r_site[5,cat]","r_site[6,cat]","r_site[7,cat]","r_site[8,cat]","r_site[9,cat]","r_site[10,cat]"
-1.596152,0.4044,0.7022634,0.5362634,-0.4069676,-1.596152,-0.1132092,1.342156,-1.207784,-0.8270974,-1.852301,-0.5280757,0.2976038,1.271005,-1.4141,-0.3070765,-0.2111815,0.01438795,0.0855336500000001,-0.9594797,0.1290375,-1.528459,-1.48557,-0.2692647,0.2173379,-0.9166202
-0.9519272,0.9467733,0.9886791,0.8518993,0.1583184,-0.9519272,0.5942162,2.036977,-0.436644,-0.08887206,-1.04145,0.1912187,0.9950257,1.965671,-0.6293,0.4004366,0.5544344,0.7403303,1.004006,-0.1331101,1.208183,-0.7131981,-0.7423094,0.4454138,1.184322,-0.1411
-1.445305,0.53080725,0.76075375,0.59922075,-0.28571175,-1.445305,0.056201925,1.5060425,-1.01716,-0.648096,-1.655125,-0.355131,0.4669515,1.4394325,-1.21687,-0.13757,-0.030119675,0.18602625,0.29836525,-0.76235075,0.37845725,-1.3229675,-1.3041975,-0.10215325,0.434105,-0.7289385
-1.1070125,0.8096215,0.91341175,0.76497525,0.016996125,-1.1070125,0.42216875,1.8736725,-0.61656225,-0.2595135,-1.2219975,0.027666725,0.831,1.805035,-0.806132,0.23799375,0.37216625,0.570354,0.783957,-0.329651,0.94282575,-0.90278575,-0.9175965,0.276348,0.94130375,-0.316116
