"b_Intercept","b_cat","sd_site__Intercept","sd_site__cat","cor_site__Intercept__cat","Intercept","r_site[1,Intercept]","r_site[2,Intercept]","r_site[3,Intercept]","r_site[4,Intercept]","r_site[5,Intercept]","r_site[6,Intercept]","r_site[7,Intercept]","r_site[8,Intercept]","r_site[9,Intercept]","r_site[10,Intercept]","r_site[1,cat]","r_site[2,cat]","r_site[3,cat]","r_site[4,cat]","r_site[5,cat]","r_site[6,cat]","r_site[7,cat]","r_site[8,cat]","r_site[9,cat]","r_site[10,cat]"
-0.8351813,0.4147956,0.4441852,0.1771878,0.01381117,-0.8351813,-0.941838,0.04569886,0.0300418,-0.3562224,-0.1202798,-0.5272925,-0.7430934,1.03237,-0.4443326,-0.03363687,-0.4929558,-0.0534171,-0.1157717,-0.4068631,-0.2483443,-0.2897631,-0.2711828,0.1723846,-0.3623535,-0.5233718
-0.3831619,0.7228362,0.7314613,0.4805307,0.81421,-0.3831619,-0.4065664,0.5494091,0.5394836,0.1628886,0.3940875,-0.00963123299999996,-0.2212608,1.564157,0.07864269,0.4798168,0.03478312,0.4208312,0.3491385,0.0781320100000001,0.214409,0.1785201,0.2284961,0.7783631,0.1120203,0.01944936
-0.71996375,0.48805825,0.5015845,0.2377955,0.24937325,-0.71996375,-0.81398425,0.1613475,0.1468685,-0.23395425,0.0003852645,-0.407511,-0.623035,1.15237,-0.31812525,0.07919135,-0.350966,0.05040535,-0.010171575,-0.277564,-0.12874375,-0.1757245,-0.1495865,0.3060695,-0.23396875,-0.37788925
-0.48745575,0.64611725,0.65130625,0.3916645,0.68362425,-0.48745575,-0.53608875,0.4274,0.41321775,0.0341874,0.266337,-0.13859125,-0.348914,1.43199,-0.05007025,0.349753,-0.0800858,0.29839225,0.228003,-0.02157525,0.100601,0.065016875,0.099972425,0.62589275,0.0081247625,-0.08730185
