"b_Intercept","b_cat","sd_site__Intercept","sd_site__cat","cor_site__Intercept__cat","Intercept","r_site[1,Intercept]","r_site[2,Intercept]","r_site[3,Intercept]","r_site[4,Intercept]","r_site[5,Intercept]","r_site[6,Intercept]","r_site[7,Intercept]","r_site[8,Intercept]","r_site[9,Intercept]","r_site[10,Intercept]","r_site[1,cat]","r_site[2,cat]","r_site[3,cat]","r_site[4,cat]","r_site[5,cat]","r_site[6,cat]","r_site[7,cat]","r_site[8,cat]","r_site[9,cat]","r_site[10,cat]"
-1.270101,1.306323,0.1461232,0.3263074,-0.3909109,-1.270101,-0.3831341,-0.3810736,-0.1551765,-0.08884385,-0.294065,1.73311400000062e-05,0.1027623,-0.2524592,-0.2616988,-0.03557157,-0.3630842,-0.5671146,-0.5682138,-0.3707438,-0.5945318,-0.4264407,0.2596762,0.2983053,0.07203185,-0.4396839
-1.032539,1.72427,0.3940325,0.6671088,0.5764089,-1.032539,-0.01282003,-0.01491346,0.1859115,0.2623939,0.05268605,0.352501,0.4852281,0.1335685,0.102843,0.3145968,0.3213315,0.1141634,0.08240097,0.2878364,0.0686137600000001,0.2211233,0.9810514,1.086211,0.8025547,0.221647
-1.207995,1.4120075,0.1897855,0.39680125,-0.16760075,-1.207995,-0.28768225,-0.283882,-0.07267695,-0.008958385,-0.205381,0.0749288,0.18861825,-0.155669,-0.16882775,0.04072915,-0.2007495,-0.40403325,-0.4048185,-0.215139,-0.4328155,-0.2679275,0.42134075,0.46896125,0.22892175,-0.28107025
-1.08992,1.6286925,0.3165995,0.57494925,0.37048825,-1.08992,-0.09210065,-0.094784575,0.09916215,0.172892,-0.023664275,0.256897,0.387188,0.0472318,0.022555775,0.22505775,0.15145325,-0.047464,-0.068070525,0.12701975,-0.08812925,0.073532925,0.79623025,0.8856915,0.60975075,0.058190125
