"b_Intercept","b_cat","sd_site__Intercept","sd_site__cat","cor_site__Intercept__cat","Intercept","r_site[1,Intercept]","r_site[2,Intercept]","r_site[3,Intercept]","r_site[4,Intercept]","r_site[5,Intercept]","r_site[6,Intercept]","r_site[7,Intercept]","r_site[8,Intercept]","r_site[9,Intercept]","r_site[10,Intercept]","r_site[1,cat]","r_site[2,cat]","r_site[3,cat]","r_site[4,cat]","r_site[5,cat]","r_site[6,cat]","r_site[7,cat]","r_site[8,cat]","r_site[9,cat]","r_site[10,cat]"
-0.3111941,0.5441151,0.1681789,0.5323201,-0.159495,-0.3111941,-0.4304194,0.103166,-0.07563038,-2.02493329999905e-05,-0.220738,-0.035576,-0.1287951,-0.2739157,-0.4089951,0.02837513,-1.016718,-0.6454409,-0.042714,-1.217041,0.1708511,-0.114287,-0.1651289,-0.9243428,-0.9790082,1.018508
-0.08260102,1.051305,0.389662,0.8388337,0.5794206,-0.08260102,-0.1052929,0.4427868,0.2548094,0.3360765,0.09837344,0.2924089,0.1920449,0.0473600200000001,-0.08740145,0.3833393,-0.3183547,0.05762692,0.6785182,-0.5106297,0.8693033,0.5889877,0.5396366,-0.2202155,-0.2744057,1.772549
-0.25172625,0.66222025,0.20469,0.59486375,0.035150425,-0.25172625,-0.3495275,0.1784465,0.00376768,0.075343675,-0.14404625,0.038633325,-0.0545194,-0.19754625,-0.3284805,0.10983025,-0.85231,-0.477269,0.13255625,-1.04393,0.33440375,0.048872,0.0084670125,-0.7584355,-0.81176325,1.19128
-0.13595075,0.93239375,0.31698975,0.75780475,0.431492,-0.13595075,-0.1815135,0.35136075,0.1699225,0.25080725,0.020956225,0.208573,0.11191725,-0.03244495,-0.16173425,0.2899615,-0.484812,-0.105264,0.50523725,-0.67963,0.6998915,0.4224555,0.37479625,-0.386934,-0.438345,1.5920575
