"b_Intercept","b_cat","sd_site__Intercept","sd_site__cat","cor_site__Intercept__cat","Intercept","r_site[1,Intercept]","r_site[2,Intercept]","r_site[3,Intercept]","r_site[4,Intercept]","r_site[5,Intercept]","r_site[6,Intercept]","r_site[7,Intercept]","r_site[8,Intercept]","r_site[9,Intercept]","r_site[10,Intercept]","r_site[1,cat]","r_site[2,cat]","r_site[3,cat]","r_site[4,cat]","r_site[5,cat]","r_site[6,cat]","r_site[7,cat]","r_site[8,cat]","r_site[9,cat]","r_site[10,cat]"
-2.605995,0.9451246,0.1282107,0.1410056,-0.5839173,-2.605995,-0.1448232,-0.3563955,-0.4176992,-0.511153,-0.2440345,-0.4784123,-0.08857036,-0.1206667,0.003048977,-0.2050782,-0.2094514,-0.3483479,-0.3387219,-0.3671906,-0.6420817,-0.4051359,-0.2737195,-0.3873467,-0.1455605,-0.06821298
-2.3215,1.353481,0.4387721,0.541987,0.6031174,-2.3215,0.2739471,0.0921999800000001,0.05440183,-9.84202799999949e-05,0.1934005,0.02111556,0.3313886,0.3001233,0.4616518,0.2339837,0.4461071,0.2937771,0.318523,0.3253386,0.06009091,0.2758037,0.3513498,0.2436892,0.5336721,0.667801
-2.53823,1.0434825,0.1919395,0.2286265,-0.33102825,-2.53823,-0.045465725,-0.2285725,-0.2859775,-0.3646725,-0.12870175,-0.33077725,0.000371523,-0.0255005,0.0969924,-0.0934433,-0.057626175,-0.1809695,-0.165517,-0.18622575,-0.42532,-0.22020575,-0.1151,-0.211376,-0.00703598,0.043273775
-2.3963875,1.2554375,0.35058375,0.442344,0.34855375,-2.3963875,0.16302575,0.002429185,-0.03816345,-0.091648225,0.082608425,-0.06639775,0.2178655,0.18709825,0.341935,0.1278755,0.25964525,0.12645225,0.146869,0.14476275,-0.05207305,0.10499625,0.182288,0.090603325,0.33823775,0.4435395
