"b_Intercept","b_cat","sd_site__Intercept","sd_site__cat","cor_site__Intercept__cat","Intercept","r_site[1,Intercept]","r_site[2,Intercept]","r_site[3,Intercept]","r_site[4,Intercept]","r_site[5,Intercept]","r_site[6,Intercept]","r_site[7,Intercept]","r_site[8,Intercept]","r_site[9,Intercept]","r_site[10,Intercept]","r_site[1,cat]","r_site[2,cat]","r_site[3,cat]","r_site[4,cat]","r_site[5,cat]","r_site[6,cat]","r_site[7,cat]","r_site[8,cat]","r_site[9,cat]","r_site[10,cat]"
-2.093001,0.6038339,0.288262,0.5228132,-0.5583045,-2.093001,-0.07674548,-0.4576174,0.05284183,-0.6295669,-0.9860997,-0.09029302,-0.06751452,0.1155607,-0.4723607,-0.2015568,-1.032888,-0.06512146,-0.6070909,-0.4991136,-0.3422518,-1.206122,-0.3931024,-1.243827,-0.2258535,0.9819351
-1.729977,1.13227,0.5711493,0.8473097,0.1647786,-1.729977,0.4110294,0.0684805700000001,0.5379042,-0.08598775,-0.3665084,0.3947464,0.4149667,0.5898631,0.05535088,0.3493897,-0.1917132,0.8529701,0.2108581,0.4297687,0.693986,-0.3693993,0.445714,-0.433328,0.6868694,1.975513
-2.00593,0.72871225,0.340547,0.593926,-0.4116805,-2.00593,0.039413925,-0.3277155,0.17147575,-0.491456,-0.82813075,0.02868845,0.046235275,0.22753425,-0.33863825,-0.06478925,-0.83160275,0.1413865,-0.4165535,-0.28331075,-0.1122355,-0.99639675,-0.19398925,-1.0545125,-0.015829,1.193425
-1.8208775,1.00205,0.490933,0.7636025,-0.02042235,-1.8208775,0.29253575,-0.053628725,0.41750025,-0.2059605,-0.50253175,0.2818465,0.29918875,0.47436925,-0.064949675,0.21925275,-0.389557,0.622709,0.0106541,0.20760175,0.43063625,-0.56173975,0.2454185,-0.62582775,0.46256475,1.71872
