"b_Intercept","b_cat","sd_site__Intercept","sd_site__cat","cor_site__Intercept__cat","Intercept","r_site[1,Intercept]","r_site[2,Intercept]","r_site[3,Intercept]","r_site[4,Intercept]","r_site[5,Intercept]","r_site[6,Intercept]","r_site[7,Intercept]","r_site[8,Intercept]","r_site[9,Intercept]","r_site[10,Intercept]","r_site[1,cat]","r_site[2,cat]","r_site[3,cat]","r_site[4,cat]","r_site[5,cat]","r_site[6,cat]","r_site[7,cat]","r_site[8,cat]","r_site[9,cat]","r_site[10,cat]"
-0.8020698,0.4922119,0.3013338,0.3561325,-0.1785262,-0.8020698,-0.4976232,-0.1546472,-0.3033326,0.1607762,-0.339965,-0.4041872,-0.428645,0.6079529,-0.3177292,-0.1997886,-0.4801167,-0.1075276,-0.8151588,-0.3159862,0.3020292,-0.492935,-0.3156935,0.2156919,-0.509704,-0.963999
-0.4502807,0.9065965,0.5665313,0.6591411,0.6276492,-0.4502807,-0.06387033,0.2751709,0.1276352,0.5865161,0.1002031,0.03284184,0.003634019,1.053049,0.114537,0.2314058,0.1609214,0.5122229,-0.1836282,0.3034484,0.9682318,0.142912,0.3052697,0.8606479,0.1146275,-0.3139885
-0.7127805,0.59087,0.3471275,0.416965,0.036895375,-0.7127805,-0.3954615,-0.05283505,-0.20443425,0.25584625,-0.236934,-0.29886475,-0.32679225,0.70528575,-0.21734475,-0.1017125,-0.32713275,0.04267655,-0.66170875,-0.1648765,0.45428375,-0.339572,-0.16288675,0.367241,-0.36074125,-0.79744475
-0.53109825,0.80659675,0.4876275,0.57359125,0.47556875,-0.53109825,-0.170691,0.16767475,0.02403115,0.47967425,-0.0061777275,-0.07104605,-0.10389875,0.941897,0.01041785,0.120698,0.0058997525,0.361321,-0.3304,0.1572395,0.79878525,-0.008242035,0.1592095,0.70664575,-0.032888,-0.4583925
