"b_Intercept","b_cat","sd_site__Intercept","sd_site__cat","cor_site__Intercept__cat","Intercept","r_site[1,Intercept]","r_site[2,Intercept]","r_site[3,Intercept]","r_site[4,Intercept]","r_site[5,Intercept]","r_site[6,Intercept]","r_site[7,Intercept]","r_site[8,Intercept]","r_site[9,Intercept]","r_site[10,Intercept]","r_site[1,cat]","r_site[2,cat]","r_site[3,cat]","r_site[4,cat]","r_site[5,cat]","r_site[6,cat]","r_site[7,cat]","r_site[8,cat]","r_site[9,cat]","r_site[10,cat]"
-1.28093,0.9486426,0.5974946,0.3810788,-0.462076,-1.28093,-0.8399605,0.5986314,-0.3751444,1.075436,-1.372364,-0.6333191,0.2364692,0.5256567,-1.076043,-0.9371455,-0.8943238,-0.6968326,0.09121661,-0.6507306,-0.7008933,0.3073398,0.05149739,-0.5380231,-0.3879363,0.1641231
-0.7147157,1.390104,0.8933925,0.7039954,0.2084732,-0.7147157,-0.1900306,1.221627,0.2716411,1.702527,-0.6851516,0.0198056000000001,0.8675866,1.147626,-0.4133739,-0.258319,-0.1641167,-0.06434688,0.7925675,-0.00675388699999998,0.1097558,1.081703,0.7263705,0.09624318,0.3753601,0.955433
-1.1420475,1.0528825,0.657444,0.44520375,-0.32002975,-1.1420475,-0.6927695,0.7374555,-0.21854825,1.2201325,-1.2110775,-0.4784735,0.384053,0.6718835,-0.9254385,-0.775498,-0.72101275,-0.5454965,0.2493455,-0.4946715,-0.50371225,0.4761745,0.2009575,-0.3887575,-0.20399625,0.33935075
-0.84717175,1.28106,0.81408025,0.614336,0.044122775,-0.84717175,-0.34367425,1.0628275,0.11493075,1.5469875,-0.846596,-0.1358745,0.7119965,0.9937725,-0.5670085,-0.42990475,-0.33468875,-0.21285175,0.619384,-0.1575225,-0.078398625,0.8764395,0.55655925,-0.05829925,0.18576575,0.753655
