"b_Intercept","b_cat","sd_site__Intercept","sd_site__cat","cor_site__Intercept__cat","Intercept","r_site[1,Intercept]","r_site[2,Intercept]","r_site[3,Intercept]","r_site[4,Intercept]","r_site[5,Intercept]","r_site[6,Intercept]","r_site[7,Intercept]","r_site[8,Intercept]","r_site[9,Intercept]","r_site[10,Intercept]","r_site[1,cat]","r_site[2,cat]","r_site[3,cat]","r_site[4,cat]","r_site[5,cat]","r_site[6,cat]","r_site[7,cat]","r_site[8,cat]","r_site[9,cat]","r_site[10,cat]"
-1.546825,0.1798816,0.340304,0.4601552,0.04903128,-1.546825,-0.2171827,-0.3095817,-0.8077092,-0.03958332,-0.4305617,-0.951429,0.1535413,0.1426747,0.2592124,-0.5822165,-1.336725,-0.4273651,-1.056303,0.2634512,-0.9769106,-0.7430549,0.2268815,0.1627026,-0.2235937,-0.8500929
-1.173697,0.6637272,0.6117405,0.7690956,0.7354253,-1.173697,0.2676594,0.1647804,-0.2857468,0.4229813,0.0590797,-0.4218742,0.6188843,0.6061756,0.7261899,-0.08591093,-0.5518499,0.3137127,-0.2428474,0.9849917,-0.2049277,0.07163314,0.9210195,0.8607759,0.4764143,-0.0850313299999999
-1.4602575,0.2873595,0.39189325,0.523257,0.2522145,-1.4602575,-0.0996331,-0.19514,-0.677415,0.0729527,-0.3087315,-0.81648025,0.264523,0.25414325,0.37172375,-0.462764,-1.1376025,-0.2475695,-0.86129,0.43466225,-0.7834005,-0.5523825,0.394678,0.3267995,-0.0508642,-0.66691
-1.26609,0.543013,0.53343525,0.685928,0.61739475,-1.26609,0.14813275,0.050315225,-0.40913075,0.31315975,-0.055720525,-0.54316475,0.50281375,0.4945265,0.612205,-0.204252,-0.72616875,0.1388015,-0.428238,0.81277325,-0.38448375,-0.13002175,0.761799,0.6887025,0.313969,-0.2603425
