"b_Intercept","b_cat","sd_site__Intercept","sd_site__cat","cor_site__Intercept__cat","Intercept","r_site[1,Intercept]","r_site[2,Intercept]","r_site[3,Intercept]","r_site[4,Intercept]","r_site[5,Intercept]","r_site[6,Intercept]","r_site[7,Intercept]","r_site[8,Intercept]","r_site[9,Intercept]","r_site[10,Intercept]","r_site[1,cat]","r_site[2,cat]","r_site[3,cat]","r_site[4,cat]","r_site[5,cat]","r_site[6,cat]","r_site[7,cat]","r_site[8,cat]","r_site[9,cat]","r_site[10,cat]"
-0.2255364,1.04751,0.4878337,0.141783,0.03410634,-0.2255364,-0.3916865,0.03357929,0.3921718,-0.1652693,-0.3269595,-0.6020663,-0.3459615,1.305443,-0.7097608,-0.5848883,-0.5183559,-0.1838661,0.01654581,-0.1116518,-0.2547097,-0.2892172,-0.1946157,0.06878233,-0.3384588,-0.1783937
0.2674298,1.336722,0.7809454,0.4376178,0.8497868,0.2674298,0.1626231,0.5896239,0.9670872,0.3897457,0.220434,-0.0429173599999999,0.2087681,1.945333,-0.1598171,-0.03273039,-0.01087894,0.243361,0.525639,0.3215652,0.1683957,0.1365894,0.2350601,0.8154468,0.1075691,0.2614448
-0.10237425,1.1230275,0.54588375,0.205592,0.296397,-0.10237425,-0.25886425,0.16605025,0.52733625,-0.03179585,-0.20015225,-0.4681925,-0.2125655,1.45421,-0.57546675,-0.45572425,-0.37722425,-0.07873415,0.1189535,-0.016320325,-0.142155,-0.17709,-0.094080475,0.231253,-0.2230375,-0.0791962
0.1505595,1.2708325,0.69764375,0.358862,0.73204,0.1505595,0.025438575,0.452144,0.82188925,0.25390875,0.083624025,-0.18175975,0.077333625,1.78421,-0.2890175,-0.1655435,-0.10574075,0.13563675,0.38709775,0.20279475,0.065275375,0.033904525,0.118549,0.6286415,0.0036700625,0.14101375
