"b_Intercept","b_cat","sd_site__Intercept","sd_site__cat","cor_site__Intercept__cat","Intercept","r_site[1,Intercept]","r_site[2,Intercept]","r_site[3,Intercept]","r_site[4,Intercept]","r_site[5,Intercept]","r_site[6,Intercept]","r_site[7,Intercept]","r_site[8,Intercept]","r_site[9,Intercept]","r_site[10,Intercept]","r_site[1,cat]","r_site[2,cat]","r_site[3,cat]","r_site[4,cat]","r_site[5,cat]","r_site[6,cat]","r_site[7,cat]","r_site[8,cat]","r_site[9,cat]","r_site[10,cat]"
-0.5803648,0.9709891,0.2852609,0.2876772,-0.5461169,-0.5803648,0.1097414,-0.5337032,0.4762639,-0.3311496,-0.2827561,-0.5116683,-0.2535769,-0.3623457,0.07564011,-0.08890685,0.1215108,0.2700031,-0.6260551,-0.1763828,-0.5253487,-0.5993395,-0.0955979,-0.496849,-0.3399045,-0.3654828
-0.2395986,1.346041,0.5547003,0.6018177,0.3278973,-0.2395986,0.5350295,-0.09185715,0.908106,0.0880641500000001,0.1375145,-0.09065227,0.1669095,0.05141872,0.4975251,0.3326872,0.749657,0.9367059,-0.01937465,0.4053495,0.0505582700000001,-0.00151174299999995,0.4822641,0.0948118000000001,0.2320632,0.1965452
-0.4896455,1.0610125,0.33244625,0.35154925,-0.3726915,-0.4896455,0.20410975,-0.4259625,0.56998925,-0.23094275,-0.182075,-0.4102705,-0.15726,-0.26562575,0.16867575,0.008221115,0.260255,0.411729,-0.475865,-0.03887755,-0.38513475,-0.4530645,0.03595305,-0.3520485,-0.19838225,-0.23385
-0.315002,1.2541325,0.4731985,0.51703575,0.118928,-0.315002,0.425914,-0.19937825,0.79115425,-0.0118745,0.033065725,-0.193128,0.062698525,-0.0484923,0.389684,0.226401,0.5875725,0.76789825,-0.15806675,0.263619,-0.08105895,-0.135654,0.33584425,-0.043142975,0.10134225,0.0614279
