"b_Intercept","b_cat","sd_site__Intercept","sd_site__cat","cor_site__Intercept__cat","Intercept","r_site[1,Intercept]","r_site[2,Intercept]","r_site[3,Intercept]","r_site[4,Intercept]","r_site[5,Intercept]","r_site[6,Intercept]","r_site[7,Intercept]","r_site[8,Intercept]","r_site[9,Intercept]","r_site[10,Intercept]","r_site[1,cat]","r_site[2,cat]","r_site[3,cat]","r_site[4,cat]","r_site[5,cat]","r_site[6,cat]","r_site[7,cat]","r_site[8,cat]","r_site[9,cat]","r_site[10,cat]"
-2.025499,0.7295055,0.6599963,0.1134945,-0.3554788,-2.025499,-0.118616,-0.3814137,-0.1412325,-0.544282,-1.993344,-0.65577,-0.4944617,-0.8127435,1.983773,-0.8522728,-0.02349046,-0.2047923,-0.4363261,-0.3587868,-0.5801361,-0.1164019,-0.3735861,-0.1759558,-0.2443841,-0.5237386
-1.417706,1.072236,0.9657874,0.5061514,0.5076205,-1.417706,0.567933,0.3098287,0.5443334,0.1588763,-1.119646,0.05462755,0.2114001,-0.0870875399999999,2.640811,-0.1263142,0.5839168,0.3242286,0.1091042,0.1843979,0.1798741,0.465521,0.1645032,0.4113035,0.3236304,0.09019898
-1.882615,0.8127405,0.72207575,0.19658175,-0.15032975,-1.882615,0.043349975,-0.21563175,0.0231353,-0.37356775,-1.77074,-0.48100825,-0.32517425,-0.63312325,2.1421975,-0.67512975,0.0670543,-0.082066275,-0.2760625,-0.20395625,-0.35433,-0.010662725,-0.21026525,-0.0438474,-0.10401625,-0.33595975
-1.5657175,0.98984625,0.8830615,0.399791,0.32169225,-1.5657175,0.4058755,0.1516845,0.38735225,-0.0089606175,-1.311865,-0.11256125,0.043774575,-0.257725,2.489525,-0.29521725,0.404484,0.17329725,0.00456854,0.0580613,0.025745575,0.28690975,0.046334175,0.2395755,0.1803575,-0.0079885475
