"b_Intercept","b_cat","sd_site__Intercept","sd_site__cat","cor_site__Intercept__cat","Intercept","r_site[1,Intercept]","r_site[2,Intercept]","r_site[3,Intercept]","r_site[4,Intercept]","r_site[5,Intercept]","r_site[6,Intercept]","r_site[7,Intercept]","r_site[8,Intercept]","r_site[9,Intercept]","r_site[10,Intercept]","r_site[1,cat]","r_site[2,cat]","r_site[3,cat]","r_site[4,cat]","r_site[5,cat]","r_site[6,cat]","r_site[7,cat]","r_site[8,cat]","r_site[9,cat]","r_site[10,cat]"
-1.831944,1.054154,0.07587329,0.4187022,-0.3255215,-1.831944,-0.1323911,-0.197885,-0.2766221,-0.1114588,-0.1549566,-0.2739569,-0.09086601,-0.3290032,-0.1381629,0.02210819,0.6315868,-0.1884161,-1.145717,-0.03925674,-0.5153479,-0.6498276,-0.413239,-0.7768067,-0.0247336,-0.1845415
-1.626158,1.539905,0.3212553,0.7472266,0.6623199,-1.626158,0.2312728,0.1171823,0.05142273,0.1962199,0.1451151,0.04842216,0.2132935,0.0196943500000001,0.1689031,0.3959214,1.5405,0.6038554,-0.3378201,0.7391604,0.2475758,0.1317603,0.3398111,0.0168603500000001,0.75619,0.5847745
-1.78113,1.1756575,0.12090275,0.49152575,-0.079157025,-1.78113,-0.038112375,-0.10854375,-0.183052,-0.03521455,-0.078053525,-0.18027675,-0.020244625,-0.229329,-0.05577225,0.094345325,0.8364605,-0.0067723425,-0.940025,0.13746775,-0.3331355,-0.460281,-0.230935,-0.58761975,0.1471135,-0.007809935
-1.67947,1.4319225,0.2461055,0.66135925,0.4617275,-1.67947,0.13955525,0.042290675,-0.0115016,0.11569775,0.066956475,-0.0107532,0.126641,-0.040495725,0.09038035,0.2960075,1.310415,0.401632,-0.523936,0.546054,0.0658899,-0.05139435,0.16282675,-0.16901,0.55932475,0.392025
