"b_Intercept","b_cat","sd_site__Intercept","sd_site__cat","cor_site__Intercept__cat","Intercept","r_site[1,Intercept]","r_site[2,Intercept]","r_site[3,Intercept]","r_site[4,Intercept]","r_site[5,Intercept]","r_site[6,Intercept]","r_site[7,Intercept]","r_site[8,Intercept]","r_site[9,Intercept]","r_site[10,Intercept]","r_site[1,cat]","r_site[2,cat]","r_site[3,cat]","r_site[4,cat]","r_site[5,cat]","r_site[6,cat]","r_site[7,cat]","r_site[8,cat]","r_site[9,cat]","r_site[10,cat]"
-2.431224,0.6234934,0.244272,0.1544646,-0.1723183,-2.431224,0.1323025,-0.5724114,-0.3616407,-0.2777455,-0.2386463,-0.7645283,-0.569979,-0.1744341,-0.1967813,0.1441592,-0.1491206,-0.6267636,-0.2630394,-0.2903974,-0.1291879,-0.7746697,-0.4916693,-0.2811182,-0.3083675,-0.04912228
-2.095249,1.009752,0.5350681,0.5323404,0.8158813,-2.095249,0.597861,-0.0474635899999999,0.130639,0.202794,0.248977,-0.1884772,-0.0401845199999999,0.2934582,0.2699956,0.6128095,0.4535638,0.0587664300000001,0.3403983,0.3050687,0.4690766,0.00564061800000003,0.1564407,0.2974377,0.2640729,0.57188
-2.354465,0.7181775,0.2967865,0.23959775,0.1247555,-2.354465,0.240104,-0.43963225,-0.23535875,-0.15267375,-0.1170085,-0.60948625,-0.43307425,-0.06357865,-0.085358025,0.25335725,-0.01473415,-0.43301425,-0.11370775,-0.13622375,-0.0072223175,-0.5608525,-0.307524,-0.13522525,-0.1567435,0.069467625
-2.1810025,0.91558575,0.45094425,0.4365125,0.675345,-2.1810025,0.481978,-0.16171475,0.0249602,0.093539075,0.135711,-0.308625,-0.157711,0.181546,0.157152,0.49434275,0.2940625,-0.06426645,0.17812775,0.14856725,0.292445,-0.13444,0.015454425,0.14264475,0.12197775,0.40304825
