"b_Intercept","b_cat","sd_site__Intercept","sd_site__cat","cor_site__Intercept__cat","Intercept","r_site[1,Intercept]","r_site[2,Intercept]","r_site[3,Intercept]","r_site[4,Intercept]","r_site[5,Intercept]","r_site[6,Intercept]","r_site[7,Intercept]","r_site[8,Intercept]","r_site[9,Intercept]","r_site[10,Intercept]","r_site[1,cat]","r_site[2,cat]","r_site[3,cat]","r_site[4,cat]","r_site[5,cat]","r_site[6,cat]","r_site[7,cat]","r_site[8,cat]","r_site[9,cat]","r_site[10,cat]"
-1.63059,0.823175,0.3360213,0.170632,-0.4187002,-1.63059,0.05048805,-0.4396748,-0.9614794,-0.5119942,-0.4389497,0.01042666,0.3744165,-0.207971,0.06674648,-0.4806214,-0.01949729,-0.04937696,-0.4502667,-0.2618858,-0.3502919,-0.2651633,-0.1124315,-0.27304,-0.6311935,-0.5071216
-1.243438,1.164743,0.6154649,0.5119208,0.5949332,-1.243438,0.5282911,0.07381414,-0.4130695,-0.00440833399999988,0.05937369,0.4836762,0.8474754,0.2782136,0.5429849,0.01858834,0.5743597,0.5767854,0.211475,0.3162077,0.2281158,0.2782101,0.4485663,0.2644542,-0.0094610279999999,0.0903549000000001
-1.5398925,0.905015,0.3886255,0.24736,-0.183179,-1.5398925,0.163339,-0.31304075,-0.82363375,-0.384333,-0.3208635,0.1248105,0.4899935,-0.087683025,0.177296,-0.35996375,0.093911375,0.06721585,-0.275527,-0.12339075,-0.20228475,-0.12387675,0.00735674,-0.136465,-0.47055075,-0.344682
-1.34074,1.080995,0.535688,0.42277825,0.36957075,-1.34074,0.416129,-0.04886515,-0.53525425,-0.11969625,-0.0565437,0.3709455,0.73247,0.16790275,0.428113,-0.0997431,0.4189485,0.40511875,0.058107575,0.16227625,0.0800844,0.14297475,0.30140625,0.12935425,-0.1333225,-0.031142175
