"b_Intercept","b_cat","sd_site__Intercept","sd_site__cat","cor_site__Intercept__cat","Intercept","r_site[1,Intercept]","r_site[2,Intercept]","r_site[3,Intercept]","r_site[4,Intercept]","r_site[5,Intercept]","r_site[6,Intercept]","r_site[7,Intercept]","r_site[8,Intercept]","r_site[9,Intercept]","r_site[10,Intercept]","r_site[1,cat]","r_site[2,cat]","r_site[3,cat]","r_site[4,cat]","r_site[5,cat]","r_site[6,cat]","r_site[7,cat]","r_site[8,cat]","r_site[9,cat]","r_site[10,cat]"
-0.7920298,0.5554545,0.6158347,0.1819298,-0.5867806,-0.7920298,0.6081842,0.0878693,1.028075,-0.5928886,-1.192857,0.7127341,-0.6487249,0.2715606,-0.9148453,-1.381514,-0.2607601,-0.1711876,-0.5263098,-0.01572768,0.0535157,-0.6392046,-0.3759438,-0.2094671,-0.3631527,-0.5282611
-0.1905924,0.8818551,0.9084641,0.5101662,0.1932615,-0.1905924,1.271836,0.7429955,1.693211,0.0643080400000003,-0.519639,1.365528,0.01460837,0.9238469,-0.2542676,-0.7108217,0.2536739,0.3346748,0.04169233,0.5118761,0.6724951,-0.0691922799999999,0.144674,0.2999335,0.175148,0.1086584
-0.64268425,0.6319275,0.675416,0.25002825,-0.42932725,-0.64268425,0.761588,0.23674575,1.18313,-0.444664,-1.03906,0.8582925,-0.49364125,0.4203545,-0.763978,-1.2254625,-0.142504,-0.051026125,-0.38241275,0.0874699,0.178421,-0.492312,-0.2408605,-0.084822625,-0.2192995,-0.35194175
-0.3350815,0.7990385,0.8304095,0.41754475,-0.00503348,-0.3350815,1.10366,0.577288,1.52268,-0.10236875,-0.68430225,1.19966,-0.1464055,0.7562315,-0.420884,-0.87466225,0.1268775,0.20244425,-0.082398125,0.369059,0.50843575,-0.188403,0.028491525,0.1736385,0.053979275,-0.0234882
