"b_Intercept","b_cat","sd_site__Intercept","sd_site__cat","cor_site__Intercept__cat","Intercept","r_site[1,Intercept]","r_site[2,Intercept]","r_site[3,Intercept]","r_site[4,Intercept]","r_site[5,Intercept]","r_site[6,Intercept]","r_site[7,Intercept]","r_site[8,Intercept]","r_site[9,Intercept]","r_site[10,Intercept]","r_site[1,cat]","r_site[2,cat]","r_site[3,cat]","r_site[4,cat]","r_site[5,cat]","r_site[6,cat]","r_site[7,cat]","r_site[8,cat]","r_site[9,cat]","r_site[10,cat]"
-1.928525,1.472483,0.4894856,0.3188721,0.06314206,-1.928525,0.7106428,-0.6429791,-0.211936,-0.6134962,-0.7176788,0.5441169,-1.275301,-0.8059475,0.4224991,-0.2162184,-0.00848047999999999,-0.4546401,-0.5538771,-0.1940027,-0.4512711,0.1774498,-1.087426,-0.4813444,0.1900011,0.1413488
-1.430557,1.926023,0.7809467,0.6665121,0.7923471,-1.430557,1.284902,-0.02559873,0.3693273,0.00710198000000004,-0.09246249,1.110061,-0.6046196,-0.1809839,0.9970116,0.3979082,0.6761747,0.255094,0.1471491,0.5757867,0.2697506,0.8841246,-0.2439803,0.2500991,0.8987969,0.9563269
-1.810915,1.591365,0.547353,0.39441775,0.27255175,-1.810915,0.84553425,-0.49391175,-0.07450275,-0.46086925,-0.56060525,0.6824385,-1.1072275,-0.658248,0.55444,-0.071467625,0.155863,-0.28845775,-0.3742845,-0.0395299,-0.2908645,0.32735125,-0.87643675,-0.31054475,0.34139725,0.30146325
-1.548845,1.8273625,0.70153225,0.57537075,0.668285,-1.548845,1.1471675,-0.16793675,0.23073625,-0.1378245,-0.2353215,0.9792295,-0.756014,-0.32002275,0.85955225,0.25506125,0.51193025,0.0743142,-0.01202055,0.35803275,0.085383,0.704628,-0.432855,0.065708975,0.7141155,0.73290325
