"b_Intercept","b_cat","sd_site__Intercept","sd_site__cat","cor_site__Intercept__cat","Intercept","r_site[1,Intercept]","r_site[2,Intercept]","r_site[3,Intercept]","r_site[4,Intercept]","r_site[5,Intercept]","r_site[6,Intercept]","r_site[7,Intercept]","r_site[8,Intercept]","r_site[9,Intercept]","r_site[10,Intercept]","r_site[1,cat]","r_site[2,cat]","r_site[3,cat]","r_site[4,cat]","r_site[5,cat]","r_site[6,cat]","r_site[7,cat]","r_site[8,cat]","r_site[9,cat]","r_site[10,cat]"
-1.642092,1.367404,0.2712948,0.265864,-0.2405487,-1.642092,-0.0138264,0.2024821,-0.3294243,-0.08892625,-0.3752394,-0.3362871,-0.3217592,-0.03585323,-0.9226266,0.07051207,0.03675617,0.0293507,-0.8354698,-0.06417784,-0.5684186,-0.3808358,-0.04909196,-0.1049332,-0.4887047,-0.251844
-1.31077,1.774721,0.5459653,0.6062854,0.7150462,-1.31077,0.437716,0.6379444,0.1154443,0.3524071,0.07253353,0.1105413,0.1367638,0.4031686,-0.3896236,0.4948199,0.7191392,0.6988856,-0.1389184,0.5947802,0.06854297,0.2544912,0.6468417,0.5411242,0.2882813,0.3682685
-1.55655,1.4753775,0.32297475,0.33620675,0.0077813025,-1.55655,0.0957092,0.2978865,-0.22342575,0.02018555,-0.26728525,-0.22718575,-0.21273125,0.0691041,-0.78311025,0.16355675,0.18245325,0.17602375,-0.658486,0.077668375,-0.40939575,-0.224901,0.092976075,0.037287125,-0.31680875,-0.10376925
-1.390335,1.6837075,0.46763275,0.51452075,0.532312,-1.390335,0.329398,0.5273755,0.00875035,0.240292,-0.0316793,0.00150225,0.025430775,0.29479675,-0.50274575,0.3885055,0.542628,0.52003975,-0.2827765,0.4221555,-0.07347075,0.0951396,0.459151,0.36842425,0.088798425,0.211918
