"b_Intercept","b_cat","sd_site__Intercept","sd_site__cat","cor_site__Intercept__cat","Intercept","r_site[1,Intercept]","r_site[2,Intercept]","r_site[3,Intercept]","r_site[4,Intercept]","r_site[5,Intercept]","r_site[6,Intercept]","r_site[7,Intercept]","r_site[8,Intercept]","r_site[9,Intercept]","r_site[10,Intercept]","r_site[1,cat]","r_site[2,cat]","r_site[3,cat]","r_site[4,cat]","r_site[5,cat]","r_site[6,cat]","r_site[7,cat]","r_site[8,cat]","r_site[9,cat]","r_site[10,cat]"
-0.5864928,1.164529,0.5372473,0.2404912,0.181312,-0.5864928,-0.4952791,-1.04784,1.189639,-0.7955923,-0.4587388,-0.1998196,-0.2094322,-0.5344837,0.774789,0.340525,-0.3669645,-0.7500641,0.16359,-0.5077604,-0.06856547,0.0623774,-0.2487958,-0.3492795,0.09877042,-0.1372606
-0.06492454,1.517014,0.8207125,0.5301116,0.84118,-0.06492454,0.0871327300000001,-0.4565074,1.810631,-0.212266,0.122617,0.3804218,0.3721644,0.0437610300000001,1.376353,0.9355305,0.1457687,-0.18143,0.8359984,0.01645884,0.4861292,0.6421613,0.2622811,0.1693963,0.7027837,0.4018872
-0.45595725,1.2543925,0.59379375,0.298338,0.38948625,-0.45595725,-0.3619935,-0.91647025,1.32919,-0.66542575,-0.32893675,-0.071951325,-0.07393905,-0.400667,0.91473125,0.4751295,-0.2432055,-0.60442325,0.311732,-0.37350825,0.047156225,0.1802665,-0.12412575,-0.22076225,0.23542625,-0.00821062
-0.18121675,1.4373325,0.7455995,0.446282,0.739399,-0.18121675,-0.062487075,-0.59952525,1.6572625,-0.35709,-0.0191087,0.234122,0.2253855,-0.099650675,1.2247025,0.78173425,0.02339795,-0.3050785,0.65714425,-0.10556425,0.3304225,0.489159,0.14230275,0.04091385,0.55066225,0.2673625
