"b_Intercept","b_cat","sd_site__Intercept","sd_site__cat","cor_site__Intercept__cat","Intercept","r_site[1,Intercept]","r_site[2,Intercept]","r_site[3,Intercept]","r_site[4,Intercept]","r_site[5,Intercept]","r_site[6,Intercept]","r_site[7,Intercept]","r_site[8,Intercept]","r_site[9,Intercept]","r_site[10,Intercept]","r_site[1,cat]","r_site[2,cat]","r_site[3,cat]","r_site[4,cat]","r_site[5,cat]","r_site[6,cat]","r_site[7,cat]","r_site[8,cat]","r_site[9,cat]","r_site[10,cat]"
-2.113014,0.1315472,0.414794,0.4760853,-0.2797944,-2.113014,-0.4308957,-0.4515237,0.05360473,0.2870929,-0.1559311,0.4408715,-0.8910835,-0.7934012,-0.3551267,-1.14419,-0.7412093,-0.7819771,-1.1302,0.6246682,-0.5089431,-0.4345647,-0.1324623,-1.447753,-0.9383637,-0.2351558
-1.669372,0.654212,0.7063133,0.811956,0.4613769,-1.669372,0.1540701,0.1244903,0.6055709,0.8209776,0.4067308,0.9708119,-0.2697353,-0.1666617,0.2150712,-0.4881699,0.1202656,0.0723961400000001,-0.322162,1.404142,0.2985161,0.3144438,0.8185512,-0.460984,-0.0791302,0.7725898
-2.01058,0.25059975,0.4693045,0.548049,-0.105507,-2.01058,-0.289043,-0.3152585,0.187195,0.41131325,-0.0199457,0.56687875,-0.72795675,-0.634317,-0.209307,-0.98091775,-0.5290255,-0.56566675,-0.9336575,0.8067485,-0.31698275,-0.250183,0.08850505,-1.1947625,-0.7285225,-0.014608725
-1.7792775,0.52589325,0.62762675,0.72192,0.29788725,-1.7792775,0.01639465,-0.011017975,0.4740165,0.687699,0.276387,0.8420665,-0.4039485,-0.31006575,0.085352575,-0.6350395,-0.07681585,-0.1180805,-0.50517,1.2135925,0.11189475,0.14231675,0.581945,-0.68653125,-0.2754255,0.51787775
