"b_Intercept","b_cat","sd_site__Intercept","sd_site__cat","cor_site__Intercept__cat","Intercept","r_site[1,Intercept]","r_site[2,Intercept]","r_site[3,Intercept]","r_site[4,Intercept]","r_site[5,Intercept]","r_site[6,Intercept]","r_site[7,Intercept]","r_site[8,Intercept]","r_site[9,Intercept]","r_site[10,Intercept]","r_site[1,cat]","r_site[2,cat]","r_site[3,cat]","r_site[4,cat]","r_site[5,cat]","r_site[6,cat]","r_site[7,cat]","r_site[8,cat]","r_site[9,cat]","r_site[10,cat]"
-1.958851,0.9086491,0.3642019,0.3258221,-0.821832,-1.958851,-0.6033423,0.6379395,-0.7573514,-0.4433285,-0.4225234,-0.805493,-0.3591716,-0.2721321,0.2935552,-0.3143752,-0.5201786,-1.134211,-0.09896842,-0.09678567,0.00927526700000001,-0.02517837,-0.3319711,-0.6353387,-0.4541948,-0.05515219
-1.559587,1.337124,0.6360963,0.6483663,-0.1353239,-1.559587,-0.0457074,1.114871,-0.175812,0.09989918,0.1222491,-0.2250035,0.1821889,0.2563499,0.7818298,0.2143189,0.2462808,-0.4574373,0.7020852,0.6462945,0.7820161,0.7746361,0.3783889,0.07869431,0.2133544,0.6867701
-1.865395,1.0147575,0.41647325,0.3917415,-0.71808125,-1.865395,-0.46622175,0.7504635,-0.6134115,-0.311062,-0.2868305,-0.65851675,-0.22654425,-0.1386035,0.410462,-0.18435225,-0.3309855,-0.9621005,0.085422075,0.067422525,0.18359525,0.14597275,-0.16184275,-0.45123075,-0.299765,0.10456275
-1.6607625,1.23437,0.55913425,0.5613955,-0.356335,-1.6607625,-0.17678675,0.9987645,-0.3055075,-0.027197375,-0.0035600125,-0.35486175,0.0545473,0.13721125,0.66558325,0.093731725,0.0672932,-0.60480825,0.50166675,0.45436925,0.58166725,0.567773,0.2037835,-0.0768831,0.049148875,0.49399775
