"b_Intercept","b_cat","sd_site__Intercept","sd_site__cat","cor_site__Intercept__cat","Intercept","r_site[1,Intercept]","r_site[2,Intercept]","r_site[3,Intercept]","r_site[4,Intercept]","r_site[5,Intercept]","r_site[6,Intercept]","r_site[7,Intercept]","r_site[8,Intercept]","r_site[9,Intercept]","r_site[10,Intercept]","r_site[1,cat]","r_site[2,cat]","r_site[3,cat]","r_site[4,cat]","r_site[5,cat]","r_site[6,cat]","r_site[7,cat]","r_site[8,cat]","r_site[9,cat]","r_site[10,cat]"
-1.771992,1.291839,0.3795561,0.3789803,-0.4335186,-1.771992,0.1871679,-0.7236767,-1.069596,0.1968976,-0.623541,-0.3036819,-0.4183189,-0.5584016,0.2136748,0.2117679,0.4755786,-0.1559707,0.1860585,-0.4188174,-0.6763221,-0.321282,-0.9093285,-0.4802945,-0.5234512,-0.1800617
-1.359357,1.760927,0.6750713,0.7310088,0.3791696,-1.359357,0.7157073,-0.1575062,-0.4003713,0.6973206,-0.07469625,0.222525,0.1184734,-0.01655638,0.7165778,0.7217286,1.306161,0.6830397,1.264151,0.3113089,0.1148933,0.4478713,-0.1439056,0.3059904,0.2032813,0.5475289
-1.665245,1.4101825,0.436309,0.45193625,-0.25355875,-1.665245,0.30896775,-0.582673,-0.89411075,0.31224025,-0.49432975,-0.175361,-0.2893775,-0.426605,0.323891,0.33030875,0.65330325,0.029437275,0.4160615,-0.250465,-0.488991,-0.1400475,-0.72399125,-0.29694875,-0.35217275,-0.012754825
-1.4539925,1.6529925,0.59265475,0.6349475,0.1846765,-1.4539925,0.590591,-0.28467125,-0.5475445,0.578057,-0.20899625,0.10119525,-0.0073228675,-0.14372525,0.589988,0.5927625,1.0965275,0.47678675,0.9738405,0.13090875,-0.07751935,0.2629425,-0.325122,0.113924,0.02333595,0.369717
