"b_Intercept","b_cat","sd_site__Intercept","sd_site__cat","cor_site__Intercept__cat","Intercept","r_site[1,Intercept]","r_site[2,Intercept]","r_site[3,Intercept]","r_site[4,Intercept]","r_site[5,Intercept]","r_site[6,Intercept]","r_site[7,Intercept]","r_site[8,Intercept]","r_site[9,Intercept]","r_site[10,Intercept]","r_site[1,cat]","r_site[2,cat]","r_site[3,cat]","r_site[4,cat]","r_site[5,cat]","r_site[6,cat]","r_site[7,cat]","r_site[8,cat]","r_site[9,cat]","r_site[10,cat]"
-1.072277,0.9127212,0.3105175,0.1759214,-0.04315051,-1.072277,0.1439535,-0.32078,0.2481526,-0.05287611,-0.1021572,-0.8757098,-0.6438112,-0.1122916,-0.3224555,0.122663,-0.08520207,-0.1979487,0.02498589,-0.2063033,0.03559443,-0.5371106,-0.5994878,-0.3754087,-0.3150664,-0.1679687
-0.7230347,1.225718,0.5800459,0.4866097,0.8341699,-0.7230347,0.5771344,0.1200239,0.6812118,0.3779257,0.332891,-0.4061284,-0.1988365,0.3197916,0.1084218,0.5525782,0.4036519,0.2843612,0.5542592,0.2729639,0.6036334,0.04460981,-0.04263026,0.1139823,0.168461,0.3196147
-0.986618,0.990431,0.358321,0.2378635,0.229073,-0.986618,0.24521175,-0.2157645,0.34856725,0.0478562,0.00023333025,-0.75714225,-0.5330545,-0.011588575,-0.22194575,0.22333575,0.023898425,-0.08153015,0.138438,-0.0856878,0.14535,-0.38878775,-0.4496875,-0.242518,-0.18705075,-0.0518597
-0.8064605,1.152005,0.4980915,0.3994715,0.7006605,-0.8064605,0.46775325,0.011130325,0.5729265,0.27025825,0.22703025,-0.51251325,-0.3039185,0.2120945,0.0057678425,0.44446725,0.27861325,0.15803,0.410708,0.15885575,0.44952275,-0.083552725,-0.160647,0.012009725,0.0582726,0.1969735
