"b_Intercept","b_cat","sd_site__Intercept","sd_site__cat","cor_site__Intercept__cat","Intercept","r_site[1,Intercept]","r_site[2,Intercept]","r_site[3,Intercept]","r_site[4,Intercept]","r_site[5,Intercept]","r_site[6,Intercept]","r_site[7,Intercept]","r_site[8,Intercept]","r_site[9,Intercept]","r_site[10,Intercept]","r_site[1,cat]","r_site[2,cat]","r_site[3,cat]","r_site[4,cat]","r_site[5,cat]","r_site[6,cat]","r_site[7,cat]","r_site[8,cat]","r_site[9,cat]","r_site[10,cat]"
-1.997581,0.5687109,0.2156234,0.4392411,-0.8344231,-1.997581,-0.3612999,-0.3589229,-0.2637987,-0.8206713,0.2654853,-0.06550341,-0.1643726,-0.2739981,-0.204534,-0.04596641,-0.08757234,-0.309016,-0.84682,0.4594052,-1.133901,-1.269437,-0.06984758,-0.2747425,-0.3461754,-0.413529
-1.71185,1.058006,0.4636465,0.7643764,-0.1530667,-1.71185,0.0858898400000001,0.07889747,0.1683511,-0.256824,0.6752114,0.3576926,0.2645964,0.1552596,0.2196797,0.376829,0.7480896,0.5110752,-0.03045132,1.489295,-0.3868683,-0.4597625,0.7457852,0.5429242,0.4389457,0.3570464
-1.9277925,0.684603,0.261562,0.50704875,-0.73316,-1.9277925,-0.2507515,-0.2506545,-0.1585765,-0.6748155,0.3578345,0.0382994,-0.06555895,-0.16566975,-0.1051205,0.052783475,0.1050105,-0.11781,-0.6439395,0.68458075,-0.953619,-1.0676725,0.11868925,-0.083602175,-0.162195,-0.23412875
-1.782875,0.94240875,0.38993025,0.67705675,-0.366704,-1.782875,-0.0161318,-0.02085465,0.071873325,-0.37359425,0.574259,0.2575775,0.1570545,0.057310675,0.121693,0.276303,0.5486545,0.30848825,-0.215888,1.2217475,-0.559187,-0.63874375,0.54316125,0.3429505,0.25462275,0.16831225
