"b_Intercept","b_cat","sd_site__Intercept","sd_site__cat","cor_site__Intercept__cat","Intercept","r_site[1,Intercept]","r_site[2,Intercept]","r_site[3,Intercept]","r_site[4,Intercept]","r_site[5,Intercept]","r_site[6,Intercept]","r_site[7,Intercept]","r_site[8,Intercept]","r_site[9,Intercept]","r_site[10,Intercept]","r_site[1,cat]","r_site[2,cat]","r_site[3,cat]","r_site[4,cat]","r_site[5,cat]","r_site[6,cat]","r_site[7,cat]","r_site[8,cat]","r_site[9,cat]","r_site[10,cat]"
-1.103062,0.7749571,0.6691839,0.3784718,-0.5077072,-1.103062,0.3275758,0.4275502,1.38698,0.2210339,0.4817056,-1.650441,-1.592505,-0.4620952,-0.9623243,-0.7343639,-0.7233678,-0.4759096,-0.3198153,-1.131812,-0.4535147,-0.3402523,-0.2564336,0.3901918,-0.4672893,0.2236042
-0.4899253,1.204285,0.9625547,0.6848891,0.1352842,-0.4899253,0.9904695,1.089299,2.071709,0.8823176,1.149316,-0.9277046,-0.8714445,0.2227291,-0.2776851,-0.04437061,-0.09143733,0.1492125,0.3818644,-0.4920653,0.1697566,0.4799583,0.535292,1.098967,0.2417287,0.9239815
-0.95295875,0.87252925,0.7295345,0.44059375,-0.3749235,-0.95295875,0.480051,0.5821075,1.547905,0.376625,0.63335375,-1.487185,-1.419825,-0.30610825,-0.8043305,-0.5753655,-0.5679205,-0.320859,-0.15115975,-0.978285,-0.3050945,-0.14839575,-0.06907095,0.549517,-0.29771475,0.38079375
-0.629169,1.0989675,0.885125,0.59870125,-0.02597135,-0.629169,0.82791925,0.92918975,1.9012675,0.725716,0.98197575,-1.1000925,-1.0449775,0.054217075,-0.44468175,-0.21208275,-0.23726825,0.0044733325,0.212827,-0.642045,0.01736545,0.275534,0.34717225,0.93191925,0.06844755,0.752235
