"b_Intercept","b_cat","sd_site__Intercept","sd_site__cat","cor_site__Intercept__cat","Intercept","r_site[1,Intercept]","r_site[2,Intercept]","r_site[3,Intercept]","r_site[4,Intercept]","r_site[5,Intercept]","r_site[6,Intercept]","r_site[7,Intercept]","r_site[8,Intercept]","r_site[9,Intercept]","r_site[10,Intercept]","r_site[1,cat]","r_site[2,cat]","r_site[3,cat]","r_site[4,cat]","r_site[5,cat]","r_site[6,cat]","r_site[7,cat]","r_site[8,cat]","r_site[9,cat]","r_site[10,cat]"
-0.886748,0.8795729,0.4470988,0.1888742,-0.7226958,-0.886748,-0.4106067,0.2164618,-1.266123,0.2713554,-0.2855904,-0.7884401,0.3046205,-0.2451859,-0.4016313,0.5642558,-0.08713849,-0.2058564,0.07085801,-0.2225062,-0.2916911,-0.450787,-0.4386838,-0.5153095,-0.04914595,-0.6036121
-0.4271404,1.197925,0.7377206,0.5060953,0.1106006,-0.4271404,0.1281942,0.7419953,-0.6870499,0.7994106,0.2431534,-0.2493645,0.8330598,0.2824572,0.1360798,1.088357,0.4407211,0.3083727,0.7582369,0.2915748,0.1977724,0.1272031,0.06620889,0.02146116,0.4841875,-0.05636358
-0.77530225,0.957456,0.5034255,0.25380975,-0.578317,-0.77530225,-0.28662825,0.33603325,-1.124485,0.394632,-0.1657095,-0.663766,0.42372925,-0.12278425,-0.27475875,0.68238025,0.0200866,-0.087797725,0.21256675,-0.105109,-0.16571425,-0.3009365,-0.3071535,-0.37330425,0.060873825,-0.46709925
-0.5334615,1.1208025,0.65273675,0.41998375,-0.1264655,-0.5334615,-0.0008637625,0.61160125,-0.82351725,0.673724,0.1122525,-0.38077625,0.70154925,0.15285875,0.00398616,0.96025125,0.2996445,0.178736,0.5775295,0.15441625,0.08574705,0.00606486,-0.0415604,-0.082947425,0.3453735,-0.17723925
