"b_Intercept","b_cat","sd_site__Intercept","sd_site__cat","cor_site__Intercept__cat","Intercept","r_site[1,Intercept]","r_site[2,Intercept]","r_site[3,Intercept]","r_site[4,Intercept]","r_site[5,Intercept]","r_site[6,Intercept]","r_site[7,Intercept]","r_site[8,Intercept]","r_site[9,Intercept]","r_site[10,Intercept]","r_site[1,cat]","r_site[2,cat]","r_site[3,cat]","r_site[4,cat]","r_site[5,cat]","r_site[6,cat]","r_site[7,cat]","r_site[8,cat]","r_site[9,cat]","r_site[10,cat]"
-1.999553,0.6888754,0.4268011,0.3948308,-0.4535801,-1.999553,0.5561459,-0.2188937,-1.613105,-0.3717001,-0.5492147,-0.2777629,0.1380871,-0.3364576,-0.2716228,-0.3684568,-0.6126475,0.5302636,-0.5409217,-0.8580212,-0.5941689,-0.5399661,-0.8019537,-0.01319764,-0.01468281,-0.6846813
-1.527869,1.154399,0.7317209,0.7308276,0.3133851,-1.527869,1.093492,0.3796971,-0.8661738,0.209911,0.04561621,0.2997276,0.7011707,0.2521937,0.3169872,0.215922,0.08817421,1.399212,0.5589043,-0.0770123,0.1966717,0.2120902,-0.06266672,0.787361,0.7764597,0.09313367
-1.8863425,0.79884425,0.48654525,0.4641645,-0.29027575,-1.8863425,0.6816675,-0.079311025,-1.42354,-0.2321605,-0.40440325,-0.13875625,0.266218,-0.191259,-0.12426225,-0.2262565,-0.445511,0.72417625,-0.28585925,-0.66291325,-0.39536,-0.35799675,-0.62136075,0.1782865,0.16344275,-0.491694
-1.6464625,1.043525,0.6471005,0.64050425,0.13106225,-1.6464625,0.964428,0.2342615,-1.033965,0.0690053,-0.091122625,0.16597,0.559522,0.1159465,0.17962025,0.077227225,-0.077817525,1.1827975,0.2821685,-0.2522445,0.0112032,0.038420875,-0.24094725,0.5844135,0.57689025,-0.085533675
