"b_Intercept","b_cat","sd_site__Intercept","sd_site__cat","cor_site__Intercept__cat","Intercept","r_site[1,Intercept]","r_site[2,Intercept]","r_site[3,Intercept]","r_site[4,Intercept]","r_site[5,Intercept]","r_site[6,Intercept]","r_site[7,Intercept]","r_site[8,Intercept]","r_site[9,Intercept]","r_site[10,Intercept]","r_site[1,cat]","r_site[2,cat]","r_site[3,cat]","r_site[4,cat]","r_site[5,cat]","r_site[6,cat]","r_site[7,cat]","r_site[8,cat]","r_site[9,cat]","r_site[10,cat]"
-1.876033,1.4363,0.2077127,0.2468187,-0.4866345,-1.876033,-0.2299309,-0.4614773,-0.1555849,-0.6185888,0.01905182,-0.2560075,-0.6027948,-0.00544940599999998,-0.0135801,-0.03048775,-0.3896516,-0.1256304,-0.5166932,-0.6931559,-0.1182892,-0.2707652,-0.1220735,-0.02635532,-0.5954115,0.07069561
-1.57461,1.853265,0.4933034,0.617065,0.5590319,-1.57461,0.2029837,0.0153094100000001,0.2701147,-0.1333771,0.4411215,0.173256,-0.08350853,0.4250572,0.4112087,0.4210219,0.2806329,0.6457681,0.154637,0.07646984,0.5672661,0.4101113,0.7062488,0.6943347,0.0871385900000001,0.8550152
-1.8020925,1.54308,0.258686,0.32699725,-0.26938275,-1.8020925,-0.12163575,-0.33893075,-0.053292325,-0.495039,0.11478625,-0.148478,-0.46338325,0.09299825,0.07837275,0.0774109,-0.23145475,0.0259143,-0.34131775,-0.49825075,0.02317,-0.1148835,0.04478775,0.11529675,-0.42192125,0.22461075
-1.6498175,1.7624825,0.407904,0.5247485,0.313599,-1.6498175,0.0982385,-0.086175075,0.16870225,-0.23595,0.337951,0.07318195,-0.1932955,0.31727075,0.30260325,0.31023425,0.1075575,0.42558425,-0.0025797575,-0.096469175,0.38565,0.22854925,0.4701005,0.49892775,-0.061613275,0.64489875
