"b_Intercept","b_cat","sd_site__Intercept","sd_site__cat","cor_site__Intercept__cat","Intercept","r_site[1,Intercept]","r_site[2,Intercept]","r_site[3,Intercept]","r_site[4,Intercept]","r_site[5,Intercept]","r_site[6,Intercept]","r_site[7,Intercept]","r_site[8,Intercept]","r_site[9,Intercept]","r_site[10,Intercept]","r_site[1,cat]","r_site[2,cat]","r_site[3,cat]","r_site[4,cat]","r_site[5,cat]","r_site[6,cat]","r_site[7,cat]","r_site[8,cat]","r_site[9,cat]","r_site[10,cat]"
-1.272668,0.551266,0.3298625,0.3124355,-0.5960423,-1.272668,0.3050009,-0.3848578,-0.499888,-0.7021399,-0.4763458,0.2282575,0.2757838,-0.5806947,0.01046827,-0.2625497,-0.0586718,-0.8279357,-0.3832124,0.2331457,-0.5363115,-0.7077902,-0.4457866,0.04861604,-0.5644988,-0.3635651
-0.9038339,0.9579027,0.6002407,0.6333704,0.2142478,-0.9038339,0.7613494,0.0831711400000002,-0.02606282,-0.220283,-0.0113456699999999,0.677013,0.7262846,-0.1024939,0.4676052,0.203932,0.5732068,-0.155085,0.2604797,0.9702218,0.1186405,-0.08728614,0.1663553,0.7392456,0.0405579,0.2651081
-1.178855,0.64655525,0.3808685,0.37756175,-0.443162,-1.178855,0.412381,-0.27293225,-0.3822915,-0.58359075,-0.36694125,0.328221,0.38326725,-0.46539725,0.11519125,-0.14832675,0.086310175,-0.65865525,-0.223095,0.386272,-0.37905375,-0.555455,-0.29172325,0.20215225,-0.415496,-0.207547
-0.992008,0.8552015,0.522629,0.5474115,-0.003599515,-0.992008,0.647914,-0.027041075,-0.1405535,-0.33030825,-0.125499,0.5576515,0.6183525,-0.21320925,0.35514475,0.0922352,0.414804,-0.298446,0.11070525,0.775717,-0.02989305,-0.2245485,0.025280675,0.5667385,-0.09748635,0.11847825
