"b_Intercept","b_cat","sd_site__Intercept","sd_site__cat","cor_site__Intercept__cat","Intercept","r_site[1,Intercept]","r_site[2,Intercept]","r_site[3,Intercept]","r_site[4,Intercept]","r_site[5,Intercept]","r_site[6,Intercept]","r_site[7,Intercept]","r_site[8,Intercept]","r_site[9,Intercept]","r_site[10,Intercept]","r_site[1,cat]","r_site[2,cat]","r_site[3,cat]","r_site[4,cat]","r_site[5,cat]","r_site[6,cat]","r_site[7,cat]","r_site[8,cat]","r_site[9,cat]","r_site[10,cat]"
-1.550365,0.5901581,0.2739671,0.04953892,-0.5658166,-1.550365,-0.02380125,0.00403679500000002,0.09682753,0.01972583,0.1702464,-0.5481996,-0.7168845,-0.4501307,-0.4699314,-0.3591449,-0.2735267,-0.1261582,-0.09346523,-0.1643076,-0.2251326,-0.1645249,-0.2928998,-0.2677435,-0.1703203,-0.2290246
-1.216537,0.8578388,0.5503728,0.3487107,0.6490999,-1.216537,0.4171261,0.4318453,0.5227999,0.4516711,0.6002574,-0.08532983,-0.2389086,0.01336559,-0.0132097299999999,0.08757893,0.0984535700000001,0.2366381,0.3036694,0.1956207,0.1550333,0.2143203,0.1397767,0.1125154,0.2110584,0.1282694
-1.4704075,0.6563975,0.3242455,0.102054,-0.2844905,-1.4704075,0.0787438,0.102665,0.1959485,0.1180315,0.269267,-0.4313945,-0.5990635,-0.3342315,-0.35562575,-0.24985875,-0.14777425,-0.0356115,-0.017241575,-0.065949625,-0.10719225,-0.066934575,-0.15305025,-0.14349925,-0.068075925,-0.12037875
-1.2975125,0.79295975,0.46814075,0.25956675,0.4005485,-1.2975125,0.31015725,0.32657225,0.41999425,0.34351275,0.490887,-0.18658625,-0.3474785,-0.0929753,-0.12430475,-0.014791725,0.023674325,0.1216025,0.1707955,0.0937781,0.0610613,0.1051305,0.04236305,0.0304638,0.0976253,0.042563425
