"b_Intercept","b_cat","sd_site__Intercept","sd_site__cat","cor_site__Intercept__cat","Intercept","r_site[1,Intercept]","r_site[2,Intercept]","r_site[3,Intercept]","r_site[4,Intercept]","r_site[5,Intercept]","r_site[6,Intercept]","r_site[7,Intercept]","r_site[8,Intercept]","r_site[9,Intercept]","r_site[10,Intercept]","r_site[1,cat]","r_site[2,cat]","r_site[3,cat]","r_site[4,cat]","r_site[5,cat]","r_site[6,cat]","r_site[7,cat]","r_site[8,cat]","r_site[9,cat]","r_site[10,cat]"
-1.60609,0.6448161,0.3529529,0.6610123,-0.4933002,-1.60609,0.1167753,-0.9940412,-0.1232073,-0.4438052,-0.3102235,-0.1960977,0.5904837,-0.4267951,-0.1507193,-0.6243795,-1.015596,-0.6795631,-1.489926,-0.9564064,0.02900963,0.5812759,-1.830327,-0.3781539,1.160095,0.005608792
-1.218647,1.218154,0.6267775,0.9617689,0.115173,-1.218647,0.5891791,-0.4415875,0.3578661,0.0534000100000001,0.1993808,0.3222707,1.055554,0.0817137600000001,0.3783069,-0.09758166,-0.2167133,0.2810259,-0.6671862,-0.08678819,0.9012218,1.479779,-1.051622,0.4924445,2.08616,0.9375299
-1.5119025,0.7804825,0.40288875,0.72491375,-0.37093825,-1.5119025,0.228599,-0.853532,-0.0077023875,-0.32533775,-0.18752675,-0.074545675,0.698758,-0.305416,-0.0214781,-0.49054075,-0.83250575,-0.45325175,-1.2892625,-0.749559,0.2253265,0.783212,-1.6496375,-0.17712,1.373465,0.2200675
-1.3111125,1.08361,0.55039225,0.884496,-0.0412872,-1.3111125,0.4723795,-0.5641055,0.246785,-0.06634795,0.07617355,0.1988325,0.94509675,-0.036000975,0.252372,-0.2206465,-0.410549,0.048651625,-0.85263325,-0.29816925,0.68641425,1.2508125,-1.23851,0.27985775,1.8656175,0.70509025
