"b_Intercept","b_cat","sd_site__Intercept","sd_site__cat","cor_site__Intercept__cat","Intercept","r_site[1,Intercept]","r_site[2,Intercept]","r_site[3,Intercept]","r_site[4,Intercept]","r_site[5,Intercept]","r_site[6,Intercept]","r_site[7,Intercept]","r_site[8,Intercept]","r_site[9,Intercept]","r_site[10,Intercept]","r_site[1,cat]","r_site[2,cat]","r_site[3,cat]","r_site[4,cat]","r_site[5,cat]","r_site[6,cat]","r_site[7,cat]","r_site[8,cat]","r_site[9,cat]","r_site[10,cat]"
-2.438317,1.098211,0.4941738,0.345742,0.1999617,-2.438317,-0.6705732,-0.06554116,0.4956444,0.1444196,0.6104174,-1.36047,-0.994627,-1.291812,-0.3715814,-0.1491201,-0.5036694,0.07026666,0.349617,0.08555256,-0.09269697,-1.019096,-0.9651708,-0.9723576,-0.2611897,-0.3884108
-1.930337,1.571673,0.7923836,0.6909079,0.8501464,-1.930337,-0.01856004,0.55169,1.091442,0.7418857,1.191267,-0.5920662,-0.2986545,-0.5523144,0.251463,0.4639692,0.273501,0.8364939,1.119357,0.835122,0.615819,-0.1228779,-0.1046211,-0.0680384699999999,0.4844787,0.312946
-2.320795,1.21723,0.5552605,0.4153345,0.39784075,-2.320795,-0.5132615,0.0858897,0.6333835,0.2863345,0.745012,-1.1597425,-0.82119075,-1.1089525,-0.21953825,-0.0083096125,-0.3151185,0.228726,0.5147725,0.2443495,0.070277925,-0.793699,-0.73538975,-0.74423875,-0.093940025,-0.21168475
-2.051965,1.4648925,0.71121575,0.5996485,0.74763275,-2.051965,-0.17204575,0.408113,0.94438475,0.60136825,1.0493125,-0.76337325,-0.45927625,-0.71866675,0.1026305,0.3123725,0.07817635,0.6404615,0.92029925,0.6392905,0.45232125,-0.326136,-0.29133875,-0.2746615,0.28688225,0.14518375
