"b_Intercept","b_cat","sd_site__Intercept","sd_site__cat","cor_site__Intercept__cat","Intercept","r_site[1,Intercept]","r_site[2,Intercept]","r_site[3,Intercept]","r_site[4,Intercept]","r_site[5,Intercept]","r_site[6,Intercept]","r_site[7,Intercept]","r_site[8,Intercept]","r_site[9,Intercept]","r_site[10,Intercept]","r_site[1,cat]","r_site[2,cat]","r_site[3,cat]","r_site[4,cat]","r_site[5,cat]","r_site[6,cat]","r_site[7,cat]","r_site[8,cat]","r_site[9,cat]","r_site[10,cat]"
-2.255222,0.5654109,0.5414444,0.4524241,-0.4334995,-2.255222,-0.199676,-2.200009,-0.307096,-0.4847443,-1.069133,0.03623017,-0.6071294,0.1180754,0.7031373,-0.1093215,-1.16297,-0.7596492,-0.1368044,-0.5090374,-0.4022239,0.06939893,-0.3270171,0.4824341,-1.201279,-0.7662657
-1.71377,1.074422,0.8516274,0.7738684,0.3004743,-1.71377,0.4390762,-1.245693,0.3380707,0.1851941,-0.3298082,0.6708842,0.0745534700000001,0.766854,1.306563,0.5298526,-0.3100522,0.596233500000001,0.6790117,0.3415757,0.5587783,0.872041,0.5411075,1.307441,-0.4416158,0.0495096200000001
-2.12558,0.685374,0.6072015,0.51963125,-0.27147625,-2.12558,-0.0519922,-1.951225,-0.15360225,-0.324495,-0.885805,0.18484625,-0.44632925,0.2745885,0.84807,0.043601425,-0.9561,-0.439334,0.050669625,-0.30229225,-0.183603,0.25535125,-0.130273,0.6749665,-1.01328,-0.56852475
-1.847375,0.95067025,0.77150775,0.6900085,0.12660825,-1.847375,0.2893555,-1.453775,0.18865,0.022381275,-0.49826225,0.51668825,-0.081858975,0.61415825,1.16313,0.378679,-0.50860225,0.25272575,0.48196425,0.14084925,0.31542475,0.669819,0.320773,1.108005,-0.616666,-0.143578
