"b_Intercept","b_cat","sd_site__Intercept","sd_site__cat","cor_site__Intercept__cat","Intercept","r_site[1,Intercept]","r_site[2,Intercept]","r_site[3,Intercept]","r_site[4,Intercept]","r_site[5,Intercept]","r_site[6,Intercept]","r_site[7,Intercept]","r_site[8,Intercept]","r_site[9,Intercept]","r_site[10,Intercept]","r_site[1,cat]","r_site[2,cat]","r_site[3,cat]","r_site[4,cat]","r_site[5,cat]","r_site[6,cat]","r_site[7,cat]","r_site[8,cat]","r_site[9,cat]","r_site[10,cat]"
-2.137803,0.2890213,0.4833916,0.2149336,-0.2447723,-2.137803,-0.9289429,-0.4504629,-0.4281821,-0.2270244,-0.2954715,-0.1050182,-1.575401,0.8886925,-0.09137605,-0.6661689,-0.6420602,-0.03770542,-0.1960279,-0.5733203,-0.1045702,-0.3629103,-1.257144,-0.41601,-0.2212251,-0.4022495
-1.63157,0.6952061,0.7824448,0.6245446,0.6126927,-1.63157,-0.2595485,0.1730649,0.1901748,0.3810865,0.3210576,0.4932818,-0.7851052,1.457023,0.5073939,-0.03340197,0.126229,0.6852133,0.4706334,0.0941013800000001,0.5537069,0.2835262,-0.1011732,0.2051991,0.4155257,0.2889409
-2.020405,0.38423875,0.54183,0.3080575,-0.01352285,-2.020405,-0.764924,-0.297944,-0.28141925,-0.082113225,-0.149961,0.04138675,-1.375765,1.023565,0.053644125,-0.51492225,-0.4290055,0.095297875,-0.046200425,-0.3895705,0.025762675,-0.198261,-0.938523,-0.2572785,-0.069693375,-0.2245755
-1.7592075,0.59068475,0.696216,0.524237,0.4528465,-1.7592075,-0.4121985,0.0294784,0.043450875,0.2416055,0.16913225,0.3482295,-0.9571235,1.320685,0.3632675,-0.178481,-0.023601425,0.481503,0.28818975,-0.03566445,0.375469,0.129253,-0.3297755,0.060905925,0.2472915,0.122891
