"b_Intercept","b_cat","sd_site__Intercept","sd_site__cat","cor_site__Intercept__cat","Intercept","r_site[1,Intercept]","r_site[2,Intercept]","r_site[3,Intercept]","r_site[4,Intercept]","r_site[5,Intercept]","r_site[6,Intercept]","r_site[7,Intercept]","r_site[8,Intercept]","r_site[9,Intercept]","r_site[10,Intercept]","r_site[1,cat]","r_site[2,cat]","r_site[3,cat]","r_site[4,cat]","r_site[5,cat]","r_site[6,cat]","r_site[7,cat]","r_site[8,cat]","r_site[9,cat]","r_site[10,cat]"
-0.0872827,0.8752278,0.4290434,0.2424345,-0.8482288,-0.0872827,-0.6656176,0.2201841,-0.4100241,-0.08651017,-0.5310322,-0.4579052,0.713099,-0.8450333,0.5341397,0.1161734,-0.2201713,-0.5720996,-0.07300883,-0.3122463,-0.2865833,-0.1593721,-0.520778,0.2832074,-0.7482972,-0.4929052
0.364752,1.223142,0.7156356,0.5329312,-0.1517777,0.364752,-0.1424716,0.7402939,0.1043896,0.4344449,-0.0180127399999999,0.05104845,1.262053,-0.3244304,1.058677,0.6344907,0.3057113,-0.0372154999999999,0.4590941,0.2046985,0.2306749,0.3503754,0.0888013800000002,0.9025372,-0.1826506,0.03671259
0.0307176,0.956402,0.480368,0.300877,-0.74449525,0.0307176,-0.54220675,0.332493,-0.29015925,0.03490055,-0.4131545,-0.343546,0.83710475,-0.72309975,0.64852575,0.231627,-0.090112,-0.435977,0.04768365,-0.1825005,-0.156804,-0.0375849,-0.3852615,0.414808,-0.609561,-0.35303975
0.262263,1.135865,0.63156525,0.453346,-0.3766545,0.262263,-0.2755225,0.60819975,-0.022481575,0.30184675,-0.14699825,-0.074830675,1.1249375,-0.45415275,0.92691725,0.49970825,0.17897725,-0.1596845,0.322405,0.080447125,0.1142145,0.2261055,-0.0618792,0.737012,-0.30335075,-0.084270775
