"b_Intercept","b_cat","sd_site__Intercept","sd_site__cat","cor_site__Intercept__cat","Intercept","r_site[1,Intercept]","r_site[2,Intercept]","r_site[3,Intercept]","r_site[4,Intercept]","r_site[5,Intercept]","r_site[6,Intercept]","r_site[7,Intercept]","r_site[8,Intercept]","r_site[9,Intercept]","r_site[10,Intercept]","r_site[1,cat]","r_site[2,cat]","r_site[3,cat]","r_site[4,cat]","r_site[5,cat]","r_site[6,cat]","r_site[7,cat]","r_site[8,cat]","r_site[9,cat]","r_site[10,cat]"
-1.403602,1.312967,0.3605154,0.1201188,-0.2647932,-1.403602,-0.2629759,-0.227804,0.1805771,-1.025773,-0.1867494,-0.2741504,-0.6141586,0.5563994,-0.04425702,-0.4479714,-0.3206669,-0.1393529,-0.1302409,-0.5180141,-0.131899,-0.2481237,-0.2427844,0.00813538,-0.3981191,-0.1172766
-0.9927784,1.621988,0.6507947,0.4482003,0.7452547,-0.9927784,0.2336617,0.2720013,0.6696239,-0.4766251,0.3208239,0.2311221,-0.09870193,1.051775,0.449736,0.06138974,0.1484622,0.345353,0.3475771,0.07469961,0.3475893,0.2166025,0.2528992,0.5951526,0.1000714,0.4088976
-1.302275,1.3918275,0.413591,0.18919575,0.0003487915,-1.302275,-0.1442865,-0.1065025,0.294886,-0.88275025,-0.0658022,-0.15255325,-0.4919245,0.66938875,0.07185905,-0.325846,-0.187317,-0.032302975,-0.0189151,-0.35782125,-0.0284123,-0.12692075,-0.1250315,0.121947,-0.2527325,-0.01750085
-1.09412,1.553025,0.56563475,0.36102975,0.569145,-1.09412,0.1131555,0.15263525,0.54977025,-0.60099825,0.19723625,0.10571,-0.221649,0.92416025,0.329179,-0.0643516,0.040785925,0.203901,0.2181005,-0.041204925,0.2103435,0.096819175,0.11471875,0.438763,0.0014643525,0.250087
