"b_Intercept","b_cat","sd_site__Intercept","sd_site__cat","cor_site__Intercept__cat","Intercept","r_site[1,Intercept]","r_site[2,Intercept]","r_site[3,Intercept]","r_site[4,Intercept]","r_site[5,Intercept]","r_site[6,Intercept]","r_site[7,Intercept]","r_site[8,Intercept]","r_site[9,Intercept]","r_site[10,Intercept]","r_site[1,cat]","r_site[2,cat]","r_site[3,cat]","r_site[4,cat]","r_site[5,cat]","r_site[6,cat]","r_site[7,cat]","r_site[8,cat]","r_site[9,cat]","r_site[10,cat]"
-1.687624,-0.0409319899999999,0.2921319,0.5591013,-0.4646554,-1.687624,0.3529936,-0.5244762,0.1798268,-0.5237894,-0.2917867,-0.6023233,0.08021407,-0.5502103,-0.1583848,-0.2677697,-0.9093629,0.2748762,-0.2779391,-1.391581,0.2439721,0.1313695,-1.114663,-1.438879,-1.529653,-0.2820212
-1.336146,0.5185069,0.5605219,0.8814951,0.2542782,-1.336146,0.795511,-0.03982644,0.6229232,-0.02744288,0.1763386,-0.1110024,0.5282685,-0.05171235,0.3082908,0.1966295,-0.1409914,1.137329,0.511531,-0.5024413,1.069266,0.9936093,-0.3204815,-0.5393996,-0.686788,0.5351597
-1.601515,0.0884884,0.343207,0.62696525,-0.31032525,-1.601515,0.4571705,-0.40142275,0.2821805,-0.3961795,-0.172442,-0.48181025,0.18305575,-0.42078525,-0.0453879,-0.15771275,-0.71937025,0.4701015,-0.086191775,-1.1761425,0.43767575,0.33078175,-0.916492,-1.2218825,-1.31911,-0.086411725
-1.41973,0.37910175,0.483291,0.79649975,0.08693595,-1.41973,0.68857,-0.14956975,0.51368575,-0.13842075,0.064958075,-0.2246305,0.418164,-0.16433325,0.19692575,0.0813933,-0.31865625,0.92541525,0.32207725,-0.69565,0.870956,0.78665825,-0.501763,-0.74716475,-0.88217725,0.33886175
