"b_Intercept","b_cat","sd_site__Intercept","sd_site__cat","cor_site__Intercept__cat","Intercept","r_site[1,Intercept]","r_site[2,Intercept]","r_site[3,Intercept]","r_site[4,Intercept]","r_site[5,Intercept]","r_site[6,Intercept]","r_site[7,Intercept]","r_site[8,Intercept]","r_site[9,Intercept]","r_site[10,Intercept]","r_site[1,cat]","r_site[2,cat]","r_site[3,cat]","r_site[4,cat]","r_site[5,cat]","r_site[6,cat]","r_site[7,cat]","r_site[8,cat]","r_site[9,cat]","r_site[10,cat]"
-1.367099,0.3107822,0.4491145,0.04078898,-0.506131,-1.367099,-1.326415,0.08227472,-0.2045631,-0.8211862,0.2648039,0.5741938,-0.4319012,-0.6812555,-0.1789686,0.1535747,-0.2276408,-0.1621681,-0.2277694,-0.1997643,-0.1643338,-0.07638525,-0.2039089,-0.2084929,-0.2459112,-0.1683168
-0.9092228,0.5534422,0.7419653,0.305344,0.6567255,-0.9092228,-0.7225515,0.6054933,0.3275086,-0.2610558,0.7859366,1.095873,0.1088274,-0.1298272,0.3583607,0.678998,0.2086388,0.1543091,0.1005494,0.1538688,0.1652654,0.3009547,0.1189724,0.1213644,0.08601238,0.1526197
-1.250675,0.366559,0.50549225,0.083094625,-0.23302775,-1.250675,-1.1788125,0.20109575,-0.0762788,-0.68888075,0.38599325,0.69481775,-0.3008265,-0.55226075,-0.04620155,0.277288,-0.106819,-0.067430475,-0.1138805,-0.09397255,-0.069759725,-0.0067520175,-0.098126575,-0.10358325,-0.131644,-0.069618525
-1.0192275,0.49125725,0.6613405,0.22356425,0.43550475,-1.0192275,-0.86398225,0.47442425,0.1989445,-0.39746575,0.65565125,0.96173,-0.018043,-0.26631175,0.231017,0.54723075,0.084678375,0.0673197,0.028519,0.05849445,0.0729085,0.180162,0.042465875,0.0401718,0.021167775,0.067222
