"b_Intercept","b_cat","sd_site__Intercept","sd_site__cat","cor_site__Intercept__cat","Intercept","r_site[1,Intercept]","r_site[2,Intercept]","r_site[3,Intercept]","r_site[4,Intercept]","r_site[5,Intercept]","r_site[6,Intercept]","r_site[7,Intercept]","r_site[8,Intercept]","r_site[9,Intercept]","r_site[10,Intercept]","r_site[1,cat]","r_site[2,cat]","r_site[3,cat]","r_site[4,cat]","r_site[5,cat]","r_site[6,cat]","r_site[7,cat]","r_site[8,cat]","r_site[9,cat]","r_site[10,cat]"
-1.796081,1.206495,0.4329965,0.1400797,-0.5488206,-1.796081,-0.7075707,-0.3434668,-0.01187222,-0.6426453,0.6745938,0.283013,-0.602621,-0.2588985,-1.204363,-0.3028958,-0.1380035,-0.1403623,-0.3458554,-0.2742796,-0.2117336,-0.3999054,-0.4946041,0.01386452,-0.2889287,-0.4413777
-1.324921,1.555921,0.7253942,0.5144789,0.434402,-1.324921,-0.1025604,0.2256251,0.5475617,-0.05390291,1.217016,0.825613,-0.01826053,0.319167,-0.5613437,0.2603688,0.4906278,0.4340748,0.1922874,0.3207096,0.3532206,0.1429002,0.1144298,0.7407743,0.4128711,0.1239985
-1.683345,1.2932075,0.48984475,0.21773475,-0.3438325,-1.683345,-0.55887925,-0.208867,0.11994025,-0.498439,0.804303,0.4130435,-0.46072075,-0.1214585,-1.0483075,-0.16733475,-0.0153609,-0.023090025,-0.2001275,-0.12988825,-0.076192,-0.2559945,-0.31840925,0.13925125,-0.12387825,-0.27923225
-1.4393575,1.475135,0.64246475,0.41424475,0.19928525,-1.4393575,-0.24198425,0.09185255,0.4106905,-0.18879825,1.08738,0.6980785,-0.15354975,0.18220175,-0.70509775,0.12607975,0.30261825,0.2680985,0.0681367,0.16129925,0.206898,0.021727375,-0.002562655,0.5264645,0.21321775,0.010117075
