"b_Intercept","b_cat","sd_site__Intercept","sd_site__cat","cor_site__Intercept__cat","Intercept","r_site[1,Intercept]","r_site[2,Intercept]","r_site[3,Intercept]","r_site[4,Intercept]","r_site[5,Intercept]","r_site[6,Intercept]","r_site[7,Intercept]","r_site[8,Intercept]","r_site[9,Intercept]","r_site[10,Intercept]","r_site[1,cat]","r_site[2,cat]","r_site[3,cat]","r_site[4,cat]","r_site[5,cat]","r_site[6,cat]","r_site[7,cat]","r_site[8,cat]","r_site[9,cat]","r_site[10,cat]"
-2.395814,0.6150013,0.2588199,0.2690101,-0.3852739,-2.395814,-0.3145277,0.115425,-0.401113,-0.440768,-0.04243043,-0.840905,-0.3503511,-0.3579804,-0.4909479,0.158687,0.07937896,-0.1612272,-0.2773996,-0.4243091,-0.308562,-0.6408487,-1.016765,-0.764428,-0.2827874,-0.3232551
-2.040541,1.057026,0.5568832,0.649993,0.602428,-2.040541,0.2127789,0.6045492,0.1159567,0.0783573200000002,0.4440393,-0.2393184,0.1648808,0.1585111,0.0406104,0.6408138,0.9253133,0.5635335,0.4839027,0.3383803,0.405871,0.2290707,-0.1380205,0.03104774,0.4783632,0.4039916
-2.3132825,0.719993,0.31570475,0.356018,-0.16245025,-2.3132825,-0.178942,0.233271,-0.274457,-0.3115275,0.070205675,-0.683644,-0.2281235,-0.23042725,-0.35218075,0.2700305,0.24836475,0.0077053475,-0.098108375,-0.23121,-0.12639375,-0.42589375,-0.79604425,-0.555938,-0.11105225,-0.14195325
-2.131365,0.94871025,0.47188025,0.55132775,0.3926735,-2.131365,0.093530425,0.483588,-0.00056301275,-0.0377375,0.32174775,-0.3672505,0.04288005,0.038632275,-0.0726237,0.52214275,0.6955535,0.391773,0.2839995,0.151347,0.22996225,0.02589445,-0.3250545,-0.12508825,0.28307275,0.23023875
