"b_Intercept","b_cat","sd_site__Intercept","sd_site__cat","cor_site__Intercept__cat","Intercept","r_site[1,Intercept]","r_site[2,Intercept]","r_site[3,Intercept]","r_site[4,Intercept]","r_site[5,Intercept]","r_site[6,Intercept]","r_site[7,Intercept]","r_site[8,Intercept]","r_site[9,Intercept]","r_site[10,Intercept]","r_site[1,cat]","r_site[2,cat]","r_site[3,cat]","r_site[4,cat]","r_site[5,cat]","r_site[6,cat]","r_site[7,cat]","r_site[8,cat]","r_site[9,cat]","r_site[10,cat]"
-0.8109306,1.21313,0.3143913,0.472815,0.4567753,-0.8109306,-0.02004236,0.3550264,0.1395716,0.2174141,-0.3316612,0.1804165,-0.03115395,-0.3942767,-1.02264,-0.3015708,-0.0242302,0.4817148,0.3971142,0.3557648,-0.7003137,-0.1808636,0.146377,-0.4010918,-1.582164,-0.4759518
-0.4842366,1.687203,0.5493355,0.7723059,0.9271793,-0.4842366,0.3893494,0.7851377,0.555078,0.6391732,0.06729418,0.5996028,0.3877802,0.01178675,-0.5913782,0.1009882,0.6334036,1.184356,1.089869,1.042876,-0.04293002,0.5023368,0.8141469,0.2644097,-0.8548957,0.1741367
-0.73067375,1.3289525,0.3588025,0.5356445,0.6310765,-0.73067375,0.074227925,0.45148125,0.235933,0.31577625,-0.24186975,0.27119025,0.065645975,-0.293894,-0.9163615,-0.205967,0.13078425,0.645674,0.55287525,0.51063925,-0.534546,-0.0165179,0.29620175,-0.25229875,-1.40489,-0.32289375
-0.56059225,1.5771225,0.4795925,0.69257875,0.87324125,-0.56059225,0.2850385,0.6812505,0.45355775,0.53401675,-0.032208975,0.493435,0.28175775,-0.085331125,-0.68862275,0.0015479975,0.47445325,1.011265,0.918866,0.8651115,-0.1956965,0.33690025,0.65056375,0.098883225,-1.02413,0.0164331
