"b_Intercept","b_cat","sd_site__Intercept","sd_site__cat","cor_site__Intercept__cat","Intercept","r_site[1,Intercept]","r_site[2,Intercept]","r_site[3,Intercept]","r_site[4,Intercept]","r_site[5,Intercept]","r_site[6,Intercept]","r_site[7,Intercept]","r_site[8,Intercept]","r_site[9,Intercept]","r_site[10,Intercept]","r_site[1,cat]","r_site[2,cat]","r_site[3,cat]","r_site[4,cat]","r_site[5,cat]","r_site[6,cat]","r_site[7,cat]","r_site[8,cat]","r_site[9,cat]","r_site[10,cat]"
-2.156432,0.8699882,0.6517421,0.3845381,0.4397789,-2.156432,-1.801835,0.3590619,-0.792766,0.7682503,0.6798184,-0.1857099,-0.3087364,0.4577232,-2.248826,-1.045303,-1.550526,0.1129846,-0.5210866,0.4015222,-0.00836697999999999,-0.2276507,-0.08256946,0.105868,-1.537527,-0.6592096
-1.571829,1.338905,0.9339768,0.7135303,0.914136,-1.571829,-0.9643583,1.006327,-0.0808615699999999,1.415071,1.324301,0.4772015,0.3628136,1.110035,-1.334516,-0.3261702,-0.5590065,0.7742407,0.1859391,1.084052,0.6521547,0.4446163,0.6362912,0.7648998,-0.469583,0.0919137200000001
-2.024975,0.983565,0.70904375,0.45436075,0.6034055,-2.024975,-1.59237,0.51373525,-0.6181185,0.92624325,0.83563225,-0.027109025,-0.14841325,0.61544025,-2.0269525,-0.8670075,-1.277435,0.266169,-0.34968275,0.55595025,0.15250325,-0.068185525,0.07521045,0.2575065,-1.2579675,-0.48340425
-1.7185025,1.23104,0.86015,0.6269195,0.850737,-1.7185025,-1.1576425,0.8557305,-0.24202775,1.266705,1.1799275,0.32700625,0.20702675,0.95822475,-1.5361825,-0.4882425,-0.7613405,0.6101865,0.0051778075,0.91415475,0.49656925,0.282493,0.44200425,0.60176925,-0.7067125,-0.0921952
