"b_Intercept","b_cat","sd_site__Intercept","sd_site__cat","cor_site__Intercept__cat","Intercept","r_site[1,Intercept]","r_site[2,Intercept]","r_site[3,Intercept]","r_site[4,Intercept]","r_site[5,Intercept]","r_site[6,Intercept]","r_site[7,Intercept]","r_site[8,Intercept]","r_site[9,Intercept]","r_site[10,Intercept]","r_site[1,cat]","r_site[2,cat]","r_site[3,cat]","r_site[4,cat]","r_site[5,cat]","r_site[6,cat]","r_site[7,cat]","r_site[8,cat]","r_site[9,cat]","r_site[10,cat]"
-1.637245,1.199352,0.1170569,0.4428418,-0.1635272,-1.637245,-0.05747651,-0.4417906,-0.1411963,0.00979913,-0.1593665,-0.00809839099999999,-0.3160904,-0.2167217,-0.3235431,-0.03324975,-0.06347536,-0.8057163,-0.5881673,0.5351932,0.3916326,-0.5170206,-1.150543,-0.02318903,-0.6272004,-0.08660715
-1.415379,1.691293,0.3610548,0.7730375,0.7218388,-1.415379,0.2757388,-0.05002089,0.1804178,0.3772615,0.205026,0.3437267,0.02889605,0.1353863,0.02418608,0.3059381,0.6899173,-0.01866994,0.1534276,1.383314,1.21306,0.2483058,-0.3803874,0.7662947,0.1305933,0.6830468
-1.5807225,1.31794,0.16139675,0.5150325,0.058807575,-1.5807225,0.01732505,-0.33095725,-0.065418075,0.088903375,-0.062890875,0.060035575,-0.22499275,-0.119644,-0.22623125,0.03819475,0.103917,-0.6218415,-0.4138235,0.7291815,0.5667045,-0.3335575,-0.95914975,0.15342175,-0.4482335,0.090411125
-1.468475,1.57507,0.2867625,0.687701,0.55316725,-1.468475,0.185359,-0.12557075,0.097405925,0.28229,0.11885775,0.247723,-0.045352275,0.05493195,-0.04540035,0.21401175,0.5051355,-0.20392075,-0.023475075,1.16563,1.0032625,0.073436725,-0.55152025,0.57107225,-0.0525616,0.490965
