"b_Intercept","b_cat","sd_site__Intercept","sd_site__cat","cor_site__Intercept__cat","Intercept","r_site[1,Intercept]","r_site[2,Intercept]","r_site[3,Intercept]","r_site[4,Intercept]","r_site[5,Intercept]","r_site[6,Intercept]","r_site[7,Intercept]","r_site[8,Intercept]","r_site[9,Intercept]","r_site[10,Intercept]","r_site[1,cat]","r_site[2,cat]","r_site[3,cat]","r_site[4,cat]","r_site[5,cat]","r_site[6,cat]","r_site[7,cat]","r_site[8,cat]","r_site[9,cat]","r_site[10,cat]"
-1.987774,0.932551,0.4398345,0.1830021,-0.7767617,-1.987774,-0.5884435,-0.9147425,0.470445,-0.3966567,0.2407027,0.4338365,-0.2291691,-0.5577276,-0.611717,-1.193559,-0.3912806,0.00292894500000001,-0.4454066,-0.0163268,-0.4999557,-0.524287,-0.4034102,-0.4432389,-0.06959208,-0.216328
-1.533118,1.302242,0.7249019,0.5483851,0.0643916700000001,-1.533118,0.01027978,-0.2693068,1.004285,0.1903439,0.785093,0.9810138,0.3417657,0.04024451,0.00882490400000004,-0.5264965,0.2327773,0.7672675,0.1223036,0.6703715,0.06671267,0.0503718,0.1903641,0.19683,0.5952811,0.5550865
-1.8799625,1.0191325,0.49408125,0.26092775,-0.6400005,-1.8799625,-0.4458875,-0.75605125,0.595432,-0.2518445,0.3684665,0.564735,-0.091732125,-0.40816425,-0.45862325,-1.031375,-0.22187475,0.1411445,-0.29946625,0.099633975,-0.3524845,-0.371932,-0.23994025,-0.265525,0.05283575,-0.030726875
-1.6407975,1.20834,0.6435505,0.452142,-0.180437,-1.6407975,-0.12738975,-0.410031,0.876565,0.051450875,0.657332,0.84763925,0.20532725,-0.097513025,-0.140568,-0.6735345,0.088028125,0.54921525,-0.0080108075,0.4796285,-0.04951985,-0.067195025,0.050339975,0.058984275,0.40917375,0.35967125
