"b_Intercept","b_cat","sd_site__Intercept","sd_site__cat","cor_site__Intercept__cat","Intercept","r_site[1,Intercept]","r_site[2,Intercept]","r_site[3,Intercept]","r_site[4,Intercept]","r_site[5,Intercept]","r_site[6,Intercept]","r_site[7,Intercept]","r_site[8,Intercept]","r_site[9,Intercept]","r_site[10,Intercept]","r_site[1,cat]","r_site[2,cat]","r_site[3,cat]","r_site[4,cat]","r_site[5,cat]","r_site[6,cat]","r_site[7,cat]","r_site[8,cat]","r_site[9,cat]","r_site[10,cat]"
-1.134395,0.5677473,0.3264103,0.2676228,0.3454304,-1.134395,-0.5515069,-0.2153722,0.5084196,-0.2554836,-0.7121019,0.2767321,-0.7088278,-0.1302162,-0.05211409,-0.2764817,-0.5614331,-0.4126531,0.3766874,-0.2339655,-0.5911612,0.00480197300000003,-0.759535,-0.1478222,-0.09949388,-0.382908
-0.7815547,0.9235481,0.5791745,0.5546675,0.9330837,-0.7815547,-0.1045241,0.2148476,0.945359,0.1804967,-0.2611935,0.7073436,-0.2629146,0.3070627,0.3813902,0.1599913,-0.02144559,0.1114393,0.9537738,0.2848727,-0.01993491,0.5428353,-0.1693308,0.3563866,0.4152319,0.1409576
-1.0478625,0.6560485,0.372209,0.32650425,0.573024,-1.0478625,-0.4410235,-0.11370925,0.60845075,-0.14993475,-0.60091225,0.3754605,-0.600495,-0.030108575,0.049866175,-0.17333625,-0.42322275,-0.28172525,0.503916,-0.11381775,-0.45374025,0.130815,-0.606318,-0.0303173,0.02291345,-0.2472955
-0.864867,0.83790225,0.50364875,0.47848425,0.86729575,-0.864867,-0.20923225,0.1123615,0.83692125,0.075390225,-0.363863,0.60114375,-0.36293025,0.20070525,0.278476,0.054148875,-0.1380255,-0.0067719025,0.80493325,0.1569975,-0.154332,0.4096735,-0.29674025,0.23099275,0.28292425,0.020563725
