"b_Intercept","b_cat","sd_site__Intercept","sd_site__cat","cor_site__Intercept__cat","Intercept","r_site[1,Intercept]","r_site[2,Intercept]","r_site[3,Intercept]","r_site[4,Intercept]","r_site[5,Intercept]","r_site[6,Intercept]","r_site[7,Intercept]","r_site[8,Intercept]","r_site[9,Intercept]","r_site[10,Intercept]","r_site[1,cat]","r_site[2,cat]","r_site[3,cat]","r_site[4,cat]","r_site[5,cat]","r_site[6,cat]","r_site[7,cat]","r_site[8,cat]","r_site[9,cat]","r_site[10,cat]"
-0.4424801,0.4927134,0.2924923,0.3303562,-0.3924689,-0.4424801,0.2336531,-0.1547164,0.1400418,-0.5589045,-0.4702131,-0.06989592,0.1120025,-0.6402494,-0.3251585,0.09890837,-0.2828846,-0.4535207,0.05935995,-0.2659158,-0.3750389,-0.5330797,0.07260049,0.08647148,-1.089848,-0.6244229
-0.09299884,0.8836565,0.5638044,0.6359795,0.4358725,-0.09299884,0.666683,0.2636051,0.5712753,-0.1337619,-0.04942327,0.3532577,0.5368758,-0.2103374,0.1022745,0.533361,0.3097282,0.1464871,0.666453,0.3364381,0.2231339,0.07143388,0.6878818,0.7086092,-0.451743,-0.00876304999999989
-0.34765625,0.5842545,0.34123725,0.392617,-0.20726175,-0.34765625,0.3298725,-0.05504535,0.23964475,-0.45655475,-0.37016675,0.026782425,0.204797,-0.537983,-0.2239025,0.2042845,-0.14165825,-0.30406025,0.199732,-0.120644,-0.22905625,-0.3785755,0.2154525,0.231381,-0.934136,-0.48047925
-0.169991,0.78935825,0.48314125,0.55212075,0.25369125,-0.169991,0.554103,0.16080925,0.46070525,-0.23715975,-0.14985575,0.24562075,0.429604,-0.312695,-0.00442783,0.423609,0.1767965,0.010093375,0.52320675,0.19566075,0.08362665,-0.067170375,0.53977225,0.550576,-0.5965685,-0.1530495
