"b_Intercept","b_cat","sd_site__Intercept","sd_site__cat","cor_site__Intercept__cat","Intercept","r_site[1,Intercept]","r_site[2,Intercept]","r_site[3,Intercept]","r_site[4,Intercept]","r_site[5,Intercept]","r_site[6,Intercept]","r_site[7,Intercept]","r_site[8,Intercept]","r_site[9,Intercept]","r_site[10,Intercept]","r_site[1,cat]","r_site[2,cat]","r_site[3,cat]","r_site[4,cat]","r_site[5,cat]","r_site[6,cat]","r_site[7,cat]","r_site[8,cat]","r_site[9,cat]","r_site[10,cat]"
-1.849896,0.5207304,0.3662812,0.3410191,-0.5306165,-1.849896,0.2467058,-0.2750976,0.04724739,-0.5173548,-0.4856396,0.2177876,-0.7027538,-0.860447,-0.677344,0.236404,-0.3803407,-0.1231307,-0.6351933,-1.162994,-0.3369097,-0.9021298,-0.2001451,-0.2226261,-0.07339963,0.01498581
-1.445803,0.9577005,0.6485022,0.67152,0.2770371,-1.445803,0.739112,0.2433288,0.5522249,0.0252786000000001,0.0453277500000001,0.7137441,-0.1465681,-0.2880491,-0.1266128,0.7398234,0.2908244,0.5884954,0.05124473,-0.3402836,0.4007739,-0.2127209,0.5725255,0.6009905,0.7144197,0.7007355
-1.751505,0.6239635,0.41882375,0.41094475,-0.3641275,-1.751505,0.3604065,-0.149294,0.169699,-0.384353,-0.35353025,0.33273825,-0.56254975,-0.71897325,-0.53721925,0.35451875,-0.21773725,0.0413479,-0.464597,-0.95868525,-0.16502025,-0.73083875,-0.019537725,-0.03031675,0.10069925,0.1726295
-1.544165,0.850062,0.5663865,0.582372,0.0800076,-1.544165,0.61504,0.1241905,0.429823,-0.102679,-0.077842,0.59203425,-0.27090225,-0.41889775,-0.25128875,0.61514175,0.12851425,0.42099225,-0.10590175,-0.51939375,0.21309,-0.36665725,0.38200625,0.39968275,0.512951,0.53299175
