"b_Intercept","b_cat","sd_site__Intercept","sd_site__cat","cor_site__Intercept__cat","Intercept","r_site[1,Intercept]","r_site[2,Intercept]","r_site[3,Intercept]","r_site[4,Intercept]","r_site[5,Intercept]","r_site[6,Intercept]","r_site[7,Intercept]","r_site[8,Intercept]","r_site[9,Intercept]","r_site[10,Intercept]","r_site[1,cat]","r_site[2,cat]","r_site[3,cat]","r_site[4,cat]","r_site[5,cat]","r_site[6,cat]","r_site[7,cat]","r_site[8,cat]","r_site[9,cat]","r_site[10,cat]"
-1.246883,1.210522,0.3534023,0.3112587,-0.1365822,-1.246883,-0.08724246,0.05887396,-0.1728461,-1.023111,-0.2537391,-0.7912463,0.1368515,0.3228368,0.07272593,-0.321448,-0.3547683,-0.3399756,-0.08486909,-1.05906,0.02709765,-0.1144033,0.02457162,0.1995395,-0.5520735,-0.3464865
-0.8606954,1.618875,0.6339196,0.6429285,0.6907571,-0.8606954,0.3880719,0.5206157,0.3021931,-0.5079079,0.2320224,-0.2659729,0.6123633,0.7917124,0.5395414,0.1546905,0.2647511,0.2825721,0.5599909,-0.3195822,0.7063581,0.6329869,0.6658698,0.8604084,0.08047177,0.2821476
-1.152985,1.3162125,0.4061075,0.38100875,0.0883409,-1.152985,0.026532975,0.170941,-0.060158225,-0.894538,-0.135577,-0.654907,0.24838375,0.43045025,0.17638625,-0.21261375,-0.20965625,-0.19661025,0.06058255,-0.8749315,0.17103525,0.041891975,0.16262,0.3400625,-0.39463975,-0.19739125
-0.9524125,1.5264375,0.5549505,0.554296,0.536003,-0.9524125,0.27500275,0.41161275,0.18722125,-0.62675125,0.11537125,-0.38002675,0.496224,0.675963,0.4260985,0.039720175,0.109796,0.13028225,0.40081775,-0.49433475,0.5300045,0.439886,0.5019345,0.68928875,-0.06674705,0.12646175
