"b_Intercept","b_cat","sd_site__Intercept","sd_site__cat","cor_site__Intercept__cat","Intercept","r_site[1,Intercept]","r_site[2,Intercept]","r_site[3,Intercept]","r_site[4,Intercept]","r_site[5,Intercept]","r_site[6,Intercept]","r_site[7,Intercept]","r_site[8,Intercept]","r_site[9,Intercept]","r_site[10,Intercept]","r_site[1,cat]","r_site[2,cat]","r_site[3,cat]","r_site[4,cat]","r_site[5,cat]","r_site[6,cat]","r_site[7,cat]","r_site[8,cat]","r_site[9,cat]","r_site[10,cat]"
-1.790434,0.5904016,0.3554035,0.6435001,-0.09061146,-1.790434,-0.2001571,-0.1260257,-0.001987257,-0.135912,-0.600111,0.5640145,-0.06481433,-0.5096596,-0.871744,-0.8445227,-1.283157,-0.3497656,-0.03333828,-0.5950804,-2.187978,0.1232118,1.332949,-0.7317036,-0.886956,-0.2479946
-1.396398,1.168248,0.6335271,0.9562256,0.5546566,-1.396398,0.2995177,0.3649698,0.4847116,0.3567829,-0.0610225,1.041556,0.4688165,0.004214977,-0.3132124,-0.2835532,-0.4422081,0.495093,0.806263,0.2375719,-1.259819,0.9124998,2.286684,0.1632139,0.0582072800000001,0.7415857
-1.6953475,0.72279975,0.4080175,0.70873525,0.07433275,-1.6953475,-0.08022275,-0.008011695,0.1124495,-0.0172098,-0.4657325,0.6728075,0.0637548,-0.3850055,-0.72911575,-0.703612,-1.085405,-0.152705,0.1664675,-0.3968665,-1.9629475,0.3114925,1.5491325,-0.52308725,-0.66526375,-0.0159749
-1.4926775,1.031305,0.55365275,0.878993,0.42102325,-1.4926775,0.180207,0.248595,0.370109,0.240991,-0.1845545,0.9240715,0.347938,-0.1153275,-0.43902325,-0.411105,-0.63735475,0.29290325,0.5999415,0.0418826,-1.4753875,0.72222975,2.049635,-0.0476169,-0.163898,0.501333
