"b_Intercept","b_cat","sd_site__Intercept","sd_site__cat","cor_site__Intercept__cat","Intercept","r_site[1,Intercept]","r_site[2,Intercept]","r_site[3,Intercept]","r_site[4,Intercept]","r_site[5,Intercept]","r_site[6,Intercept]","r_site[7,Intercept]","r_site[8,Intercept]","r_site[9,Intercept]","r_site[10,Intercept]","r_site[1,cat]","r_site[2,cat]","r_site[3,cat]","r_site[4,cat]","r_site[5,cat]","r_site[6,cat]","r_site[7,cat]","r_site[8,cat]","r_site[9,cat]","r_site[10,cat]"
-0.9976551,1.125795,0.4058304,0.4889513,-0.5427329,-0.9976551,-0.1767598,-0.5079992,-1.002363,0.5348655,-1.013645,-0.008515754,-0.2323122,0.08025901,0.2170387,-0.1781401,-0.3086258,-0.6272548,0.3775266,-0.6832539,-0.4892406,-0.4942517,0.4928482,0.3428413,-1.434891,-0.04105163
-0.5803153,1.612314,0.6877249,0.7984358,0.1383205,-0.5803153,0.3193825,-0.00790161999999993,-0.4349459,1.020851,-0.4764088,0.4857245,0.2912553,0.5946436,0.701801,0.3253919,0.4082179,0.1071531,1.243683,0.000319653400000018,0.3163873,0.201179,1.254907,1.088613,-0.7573085,0.6811706
-0.8955775,1.24233,0.459969,0.5518295,-0.41083675,-0.8955775,-0.06282495,-0.38353475,-0.8636315,0.64329525,-0.8855005,0.1080265,-0.11204325,0.19953275,0.33246975,-0.060704875,-0.1374875,-0.44707,0.562616,-0.520841,-0.29862425,-0.33329025,0.66307075,0.5139925,-1.267805,0.124907
-0.67253475,1.495885,0.60691125,0.7136305,-0.03415595,-0.67253475,0.1977635,-0.1251035,-0.568075,0.902701,-0.6029195,0.36647825,0.1618325,0.4667215,0.5846255,0.20411125,0.2438915,-0.066060125,1.020545,-0.15926,0.128916,0.038405175,1.069575,0.90316925,-0.910753,0.50802875
