"b_Intercept","b_cat","sd_site__Intercept","sd_site__cat","cor_site__Intercept__cat","Intercept","r_site[1,Intercept]","r_site[2,Intercept]","r_site[3,Intercept]","r_site[4,Intercept]","r_site[5,Intercept]","r_site[6,Intercept]","r_site[7,Intercept]","r_site[8,Intercept]","r_site[9,Intercept]","r_site[10,Intercept]","r_site[1,cat]","r_site[2,cat]","r_site[3,cat]","r_site[4,cat]","r_site[5,cat]","r_site[6,cat]","r_site[7,cat]","r_site[8,cat]","r_site[9,cat]","r_site[10,cat]"
-1.565725,0.5624201,0.325769,0.3567533,-0.2301633,-1.565725,0.05735122,0.2024709,-0.4773624,-0.3310419,0.2233865,-0.5032774,-0.6322105,-0.4151206,-0.7642356,0.2175018,-0.1859459,-0.00569383199999999,-0.7674048,-0.8325208,0.2906481,-0.3584129,-0.02964077,-0.972321,-0.3938206,-0.5855513
-1.193451,0.9999408,0.6107368,0.6803381,0.5889202,-1.193451,0.5198777,0.6656543,0.00505193600000001,0.1470526,0.6823815,-0.0244233699999999,-0.1334363,0.05832961,-0.2580112,0.673408,0.4759297,0.6695143,-0.0514542299999999,-0.1242796,0.9807032,0.3563766,0.7331097,-0.254637,0.3619133,0.08489659
-1.47124,0.67096175,0.37822625,0.424353,-0.026142325,-1.47124,0.1633245,0.3115365,-0.35992925,-0.21934425,0.329746,-0.3844685,-0.505616,-0.30423225,-0.64074775,0.3193495,-0.0273197,0.1497275,-0.5924585,-0.660648,0.4486625,-0.18760875,0.14116325,-0.7935255,-0.21290475,-0.41958975
-1.284295,0.89690775,0.5238715,0.591602,0.41992175,-1.284295,0.40172625,0.5504825,-0.104316,0.029500675,0.571208,-0.13593625,-0.249244,-0.055235825,-0.37706,0.5607415,0.31594825,0.50110825,-0.21488275,-0.28567525,0.81027675,0.18780375,0.538299,-0.417035,0.18435825,-0.06713455
